,03023,03028,02040,00005,00040,01003,01037,05026
0,8.185969086732691e-09,8.801605858952312e-09,8.32023477137425e-09,7.267692306145716e-09,8.625064059982833e-09,9.124036501129859e-09,1.2011836542329733e-08,5.164353924967633e-09
1,8.143350146529644e-09,8.75353454326299e-09,8.278445697276752e-09,7.236275289958078e-09,8.565515608153602e-09,9.067939921362612e-09,1.193033624791921e-08,5.148398244841133e-09
2,8.058308999418976e-09,8.657657290629028e-09,8.195062916942669e-09,7.173535838990207e-09,8.447851483302973e-09,8.956188414640233e-09,1.1767865330774007e-08,5.116515509442621e-09
3,7.973672931569149e-09,8.562326077402566e-09,8.112081677741876e-09,7.11099092218189e-09,8.333128106247687e-09,8.845345792230493e-09,1.1606493054679972e-08,5.084691332731996e-09
4,7.889465532568155e-09,8.467571964298662e-09,8.029523915541615e-09,7.048651425257968e-09,8.221499007512247e-09,8.735464132567301e-09,1.1446299620757101e-08,5.0529283579421e-09
5,7.805711132002454e-09,8.373427022152248e-09,7.947412226160532e-09,6.986528523806229e-09,8.113124158132759e-09,8.626597390160578e-09,1.128736850791996e-08,5.021229279338338e-09
6,7.722434822854382e-09,8.27992436523173e-09,7.865769885420704e-09,6.924633690968173e-09,8.008170256954814e-09,8.518801464892456e-09,1.1129786608580905e-08,4.989596843191532e-09
7,7.639662485706464e-09,8.187098185752036e-09,7.784620869864642e-09,6.862978705349772e-09,7.906811032180484e-09,8.412134274122704e-09,1.0973644370495977e-08,4.958033848770425e-09
8,7.55742081378345e-09,8.094983789636246e-09,7.703989878161471e-09,6.801575659163048e-09,7.809227557955287e-09,8.306655827729965e-09,1.0819035945061884e-08,4.926543149355184e-09
9,7.475737338864084e-09,8.003617633576388e-09,7.623902353227735e-09,6.740436966602098e-09,7.715608586835894e-09,8.202428306219234e-09,1.0666059342391539e-08,4.895127653272264e-09
10,7.394640458096189e-09,7.91303736344549e-09,7.544384505089439e-09,6.679575372463143e-09,7.62615089902718e-09,8.099516142037106e-09,1.0514816593510609e-08,4.863790324950367e-09
11,7.314159461749807e-09,7.82328185411533e-09,7.465463334512638e-09,6.6190039610164774e-09,7.541059669339368e-09,7.997986104241665e-09,1.0365413920038955e-08,4.832534185997856e-09
12,7.2343245619456086e-09,7.734391250736111e-09,7.387166657431328e-09,6.558736165136451e-09,7.46054885287137e-09,7.897907386678303e-09,1.0217961911741275e-08,4.801362316303571e-09
13,7.155166922394366e-09,7.646407011540227e-09,7.309523130202585e-09,6.498785775701299e-09,7.3848415904910845e-09,7.799351699825603e-09,1.0072575712352553e-08,4.770277855160251e-09
14,7.07671868919044e-09,7.559371952230241e-09,7.2325622757199375e-09,6.439166951268103e-09,7.314170635252566e-09,7.702393366481227e-09,9.929375214107356e-09,4.73928400241102e-09
15,6.999013022697665e-09,7.47333029201648e-09,7.156314510417135e-09,6.379894228033857e-09,7.248778800963197e-09,7.60710942146527e-09,9.788485261426868e-09,4.708384019620953e-09
16,6.9220841305720175e-09,7.3883277013745136e-09,7.080811172196727e-09,6.320982530092026e-09,7.188919434192746e-09,7.51357971552958e-09,9.650035864244771e-09,4.6775812312726726e-09
17,6.845967301966179e-09,7.304411351591252e-09,7.006084549317742e-09,6.262447179992205e-09,7.134856911097311e-09,7.421887023672098e-09,9.51416242147869e-09,4.646879025986662e-09
18,6.770698942962775e-09,7.221629966175347e-09,6.93216791027972e-09,6.2043039096162995e-09,7.086867160525999e-09,7.332117158062861e-09,9.381005955185639e-09,4.616280857768464e-09
19,6.696316613285049e-09,7.140033874211255e-09,6.859095534741279e-09,6.146568871378967e-09,7.045238214972785e-09,7.2443590858013394e-09,9.250713355972132e-09,4.585790247281136e-09
20,6.622859064336837e-09,7.059675065736704e-09,6.7869027455122344e-09,6.089258649762973e-09,7.010270791037168e-09,7.158705051736644e-09,9.123437640261146e-09,4.555410783145784e-09
21,6.550366278624993e-09,6.980607249229389e-09,6.715625941662278e-09,6.0323902732034e-09,6.982278901172633e-09,7.075250706592311e-09,8.999338220056238e-09,4.525146123269243e-09
22,6.478879510620072e-09,6.9028859112942206e-09,6.6453026327879164e-09,5.975981226329015e-09,6.961590498621002e-09,6.994095240652148e-09,8.878581185880595e-09,4.494999996199557e-09
23,6.408441329114107e-09,6.826568378643365e-09,6.575971474483869e-09,5.9200494625747396e-09,6.9485481575569515e-09,6.915341523277175e-09,8.761339603609486e-09,4.464976202511292e-09
24,6.3390956611362346e-09,6.751713882466604e-09,6.507672305066029e-09,5.864613417177429e-09,6.943509790607289e-09,6.839096248538425e-09,8.64779382595959e-09,4.435078616220269e-09
25,6.279440479446588e-09,6.661349473833333e-09,6.455434649534672e-09,5.847514458908465e-09,6.817237449746351e-09,6.723816911640999e-09,8.474692633020548e-09,4.468419428676967e-09
26,6.213561371236509e-09,6.561252141406936e-09,6.397874456512248e-09,5.83565168467881e-09,6.665676103350567e-09,6.5972432756335456e-09,8.285551981510995e-09,4.514481978780309e-09
27,6.135473324918355e-09,6.478328753931674e-09,6.343151648950745e-09,5.798539072751134e-09,6.615335018389812e-09,6.49912184594134e-09,8.143609275836568e-09,4.509086513164163e-09
28,6.06186781780787e-09,6.403108299370406e-09,6.293364981155505e-09,5.766632437488401e-09,6.567034943902835e-09,6.405119478910906e-09,8.005576858455084e-09,4.509723570219385e-09
29,5.990409142658171e-09,6.322952755799403e-09,6.222261643207127e-09,5.733165343161884e-09,6.5232922638431625e-09,6.322611254295117e-09,7.86803885178894e-09,4.518176751918543e-09
30,5.913374403041727e-09,6.240702902006561e-09,6.158788655551898e-09,5.70186198179306e-09,6.484277221810705e-09,6.240664761323613e-09,7.733159460703514e-09,4.523471307115761e-09
31,5.837706806991442e-09,6.1660164887526125e-09,6.112497200738353e-09,5.6725599226347594e-09,6.450293381060557e-09,6.152366268883148e-09,7.603950782382726e-09,4.531630367437611e-09
32,5.769183858299721e-09,6.086978276122524e-09,6.073203428796177e-09,5.640639576773501e-09,6.418420341472669e-09,6.064945794194578e-09,7.478248064180757e-09,4.5326168062131275e-09
33,5.701248723752727e-09,6.002051971778089e-09,6.015520667538415e-09,5.601992127613492e-09,6.39270924125268e-09,5.981992697038104e-09,7.365313381508122e-09,4.5213932959054345e-09
34,5.628482230685357e-09,5.916704365344898e-09,5.937454682221426e-09,5.560418135038675e-09,6.376233821454295e-09,5.904977858624273e-09,7.260991113422001e-09,4.517581372205765e-09
35,5.5570691346682415e-09,5.836650939576492e-09,5.854510089223631e-09,5.526990415575756e-09,6.358590899598816e-09,5.82949072380758e-09,7.1529723209123045e-09,4.512832875146594e-09
36,5.487130021209562e-09,5.762774270128543e-09,5.790704457445084e-09,5.490610550975561e-09,6.340846394010266e-09,5.757042252682279e-09,7.046634924984581e-09,4.497855329858232e-09
37,5.410088528603545e-09,5.684064487361842e-09,5.7507506682968774e-09,5.443367279811574e-09,6.325445302706794e-09,5.690973143203576e-09,6.946320919911528e-09,4.489002161763101e-09
38,5.337672456685684e-09,5.607535354423078e-09,5.696324968322775e-09,5.39548038423914e-09,6.308014864695281e-09,5.629474727113978e-09,6.846642161144536e-09,4.48055227581536e-09
39,5.2701599624590985e-09,5.5330530845711826e-09,5.645099427856214e-09,5.352470896170365e-09,6.292292456450677e-09,5.569051883005513e-09,6.749174433707858e-09,4.467898756963446e-09
40,5.2004781200956495e-09,5.4644705211045244e-09,5.611298347818415e-09,5.308099356267892e-09,6.280785394662533e-09,5.507885617900551e-09,6.658096237136671e-09,4.459629185420138e-09
41,5.134244997303116e-09,5.398431051214931e-09,5.517613130938513e-09,5.260113738113926e-09,6.266987576107979e-09,5.446738101910453e-09,6.575002044164386e-09,4.451319608984849e-09
42,5.072801929367909e-09,5.331919741537367e-09,5.410157914862094e-09,5.212628443472538e-09,6.2510347502865316e-09,5.390150710057209e-09,6.4961021365772536e-09,4.435037200896941e-09
43,5.012014463574749e-09,5.2703894686544004e-09,5.342707817558202e-09,5.171069313981912e-09,6.229783576352389e-09,5.341310146448112e-09,6.418457826891866e-09,4.416109490427146e-09
44,4.96125242169851e-09,5.211431471568294e-09,5.293644409322604e-09,5.13972233861078e-09,6.203183772456582e-09,5.295013213235604e-09,6.343883304011124e-09,4.401514320403872e-09
45,4.908503132469249e-09,5.146989451985316e-09,5.262680133691122e-09,5.107366485469572e-09,6.184376683230334e-09,5.249746580475392e-09,6.274695120512682e-09,4.382275430300084e-09
46,4.8480336983600555e-09,5.082095276425018e-09,5.214081899383649e-09,5.075022071924466e-09,6.167986024050206e-09,5.203862627446734e-09,6.211114406477958e-09,4.368547756947511e-09
47,4.793897443316325e-09,5.020971112072246e-09,5.157546590050791e-09,5.039752962934456e-09,6.1423831194371275e-09,5.159066333330038e-09,6.149742269791527e-09,4.35911198812503e-09
48,4.739962955966127e-09,4.965187887050411e-09,5.11695213792889e-09,5.005256859158027e-09,6.106417053712525e-09,5.1201783199561734e-09,6.088391328985203e-09,4.34567324550895e-09
49,4.685330781729874e-09,4.912482640788563e-09,5.052322203746184e-09,4.977027381352343e-09,6.066289548445872e-09,5.082629042370627e-09,6.029463039429964e-09,4.323022231383037e-09
50,4.635847495760996e-09,4.8563956832044e-09,4.9739206360339925e-09,4.943894872249983e-09,6.025794764912981e-09,5.044988969271689e-09,5.976638827918411e-09,4.2933858369890906e-09
51,4.5924365742982056e-09,4.8033340031769375e-09,4.862415422668132e-09,4.90213558471792e-09,5.981746817563618e-09,5.015662799806024e-09,5.927780233570292e-09,4.269558636423319e-09
52,4.558022626621847e-09,4.749239038708021e-09,4.772563447374552e-09,4.866422584199045e-09,5.937986855291421e-09,4.9921528446954835e-09,5.888931752174946e-09,4.242893160861811e-09
53,4.527197239957527e-09,4.7061610696894936e-09,4.7511289876722035e-09,4.839463310438527e-09,5.893137659932636e-09,4.9653700169739925e-09,5.856635772210167e-09,4.217154533509223e-09
54,4.486385937088861e-09,4.683131660258054e-09,4.7189929369733944e-09,4.815525900992942e-09,5.8457173892091054e-09,4.935010197193662e-09,5.830549879138598e-09,4.1930766860558925e-09
55,4.446249039667804e-09,4.655919119036667e-09,4.682667094355502e-09,4.786093493536941e-09,5.8031828664569555e-09,4.909269207696602e-09,5.802928574984396e-09,4.167139876650932e-09
56,4.416971881176457e-09,4.614410569113602e-09,4.656622347513697e-09,4.750878248744823e-09,5.757682724097069e-09,4.887597003737074e-09,5.772268787658372e-09,4.152447549923193e-09
57,4.382039707191957e-09,4.561285545998796e-09,4.635341115263206e-09,4.720647447214794e-09,5.703041990767343e-09,4.857029440095354e-09,5.739836423885298e-09,4.134842378087834e-09
58,4.3386668014093574e-09,4.504354831960152e-09,4.6302147323043515e-09,4.68546690404571e-09,5.651985598521365e-09,4.820509505653892e-09,5.700651630515747e-09,4.103809065419035e-09
59,4.294220906352742e-09,4.450712088092917e-09,4.600704629086329e-09,4.64766038480703e-09,5.5831612581084185e-09,4.791776249781913e-09,5.664377068573093e-09,4.07104390827339e-09
60,4.25228582094093e-09,4.39965422133848e-09,4.550815768200979e-09,4.618805727296482e-09,5.510609926661544e-09,4.767689885394712e-09,5.6400768404254134e-09,4.049561187734379e-09
61,4.218014784297542e-09,4.353079017927722e-09,4.5452246870185476e-09,4.588859359753471e-09,5.447332199437984e-09,4.751308030940934e-09,5.6205192081597745e-09,4.029687972301123e-09
62,4.182032058525058e-09,4.308966354893552e-09,4.502344710229892e-09,4.5493727625080475e-09,5.373537437065582e-09,4.738813080349424e-09,5.591753214280326e-09,3.997676364088686e-09
63,4.148699611307878e-09,4.270260938832186e-09,4.4460047018566544e-09,4.507995863013855e-09,5.3010031439588344e-09,4.727587607815961e-09,5.565264011531349e-09,3.965728820971523e-09
64,4.119130836764577e-09,4.239937105325082e-09,4.430582514944202e-09,4.469097229970818e-09,5.2289851381083095e-09,4.711155293376596e-09,5.5416989343796165e-09,3.925461408673403e-09
65,4.086295688204564e-09,4.214011662489605e-09,4.42013398920794e-09,4.438105298639417e-09,5.147163857726547e-09,4.682824994340869e-09,5.516862502314723e-09,3.878995632667171e-09
66,4.057289653173449e-09,4.184503727636234e-09,4.415084084063301e-09,4.4163127378560325e-09,5.060362386707227e-09,4.664498712399897e-09,5.490679538221934e-09,3.8458406976044434e-09
67,4.025666219532204e-09,4.15139521472396e-09,4.406191423160411e-09,4.3994834851233904e-09,4.982290114320867e-09,4.644515320274487e-09,5.4603378694463254e-09,3.800375072425396e-09
68,3.9890083926670666e-09,4.1259124354992925e-09,4.405275457175823e-09,4.3835830289500434e-09,4.895465323267944e-09,4.614802156283758e-09,5.422193704600006e-09,3.748841858939353e-09
69,3.955718982482616e-09,4.099234010777485e-09,4.3928407865400945e-09,4.369113113627761e-09,4.7933537685382025e-09,4.598618195659944e-09,5.3908622621682925e-09,3.7031581579441166e-09
70,3.923410179580265e-09,4.06404253932552e-09,4.32739800247686e-09,4.362861531211204e-09,4.6955784805367636e-09,4.588322172104674e-09,5.3687486498294445e-09,3.6541879700374903e-09
71,3.899539087452914e-09,4.02979860165982e-09,4.27825916719433e-09,4.355979532348528e-09,4.601198912430597e-09,4.585772346615569e-09,5.338885178304745e-09,3.6122054768259897e-09
72,3.875982749576994e-09,4.0043568713934154e-09,4.273385154853314e-09,4.340597091602335e-09,4.511419346638904e-09,4.579245905403003e-09,5.307595831351439e-09,3.5725958033305457e-09
73,3.8493960616008275e-09,3.97926183756076e-09,4.2760546193646155e-09,4.328208458308472e-09,4.433610207214668e-09,4.562415991691138e-09,5.278165062675417e-09,3.532013869761039e-09
74,3.826544119950632e-09,3.948639384169528e-09,4.232160600397335e-09,4.312002954534462e-09,4.3627795361558544e-09,4.544825356845815e-09,5.246325588770898e-09,3.4947821488046277e-09
75,3.799622933146403e-09,3.913202035487473e-09,4.186579634949949e-09,4.2877960069344705e-09,4.278340058088104e-09,4.5247906948024125e-09,5.218219493708358e-09,3.4624890402944068e-09
76,3.769839541943515e-09,3.873651032919022e-09,4.18905195315892e-09,4.269776439383666e-09,4.200342501947277e-09,4.508027083385906e-09,5.195767801448556e-09,3.4326264584502907e-09
77,3.742918018707473e-09,3.840537525706597e-09,4.178009306931529e-09,4.262098141717412e-09,4.12629136696535e-09,4.496260995874961e-09,5.173622058188873e-09,3.402115164247728e-09
78,3.7190650884603087e-09,3.807510322281945e-09,4.127850932600661e-09,4.25318221284787e-09,4.031871295797341e-09,4.490772733822823e-09,5.147472474332768e-09,3.370295271265537e-09
79,3.6957377483901444e-09,3.769617682920233e-09,4.072957572385208e-09,4.239253024608133e-09,3.941809617584749e-09,4.476655024637285e-09,5.117911506977442e-09,3.327326095414564e-09
80,3.672578488692126e-09,3.735244415225771e-09,4.0515147635692756e-09,4.222678716386269e-09,3.859640020151901e-09,4.446962556501131e-09,5.098341576854648e-09,3.2753409493274425e-09
81,3.6530991482439794e-09,3.7065543128238004e-09,4.019252216151701e-09,4.206897480358261e-09,3.764286887382608e-09,4.419432638435864e-09,5.077799866061298e-09,3.232273273230132e-09
82,3.632494789966392e-09,3.6679950776004625e-09,3.963654837681765e-09,4.192530663203723e-09,3.665878108543805e-09,4.407725886092758e-09,5.052034621960605e-09,3.1876230606179905e-09
83,3.606714473646674e-09,3.6327355000809643e-09,3.891138694119003e-09,4.182478637222824e-09,3.5926732501303144e-09,4.398236520234839e-09,5.0286766252535795e-09,3.1489924775838193e-09
84,3.583109171207696e-09,3.61053065933848e-09,3.852743079651594e-09,4.183588421998148e-09,3.5116382953326817e-09,4.382596186713703e-09,4.984550457083816e-09,3.1179100148019566e-09
85,3.5713150680217026e-09,3.595016896760152e-09,3.860050337372689e-09,4.191363446923745e-09,3.4050266490509632e-09,4.360510311964205e-09,4.927302681816664e-09,3.0807892525078233e-09
86,3.5626021193987836e-09,3.5700890502644043e-09,3.869978001799632e-09,4.18587346032867e-09,3.306693689245305e-09,4.342856068362479e-09,4.882495991213616e-09,3.0483921946795465e-09
87,3.5541015129694194e-09,3.5390262795104703e-09,3.835470223901173e-09,4.177485153480992e-09,3.221090764527715e-09,4.325633263650929e-09,4.841710268572701e-09,3.0236127902073377e-09
88,3.5535942257168166e-09,3.5208553299545053e-09,3.75341959134996e-09,4.183842981373016e-09,3.1482529755924093e-09,4.301150116072208e-09,4.803974437294445e-09,2.9880295746604042e-09
89,3.546743545818212e-09,3.5036653397460825e-09,3.7087153500063967e-09,4.190629632433973e-09,3.084970013290872e-09,4.268654504142802e-09,4.777911578963776e-09,2.947819249457547e-09
90,3.5371744090523472e-09,3.483760469242055e-09,3.658834147877859e-09,4.188182393267099e-09,3.018417817435048e-09,4.227660229662622e-09,4.7477296181491834e-09,2.913476547966622e-09
91,3.5368595490653277e-09,3.4541673578250714e-09,3.5809751044362257e-09,4.19250618487841e-09,2.948787361508e-09,4.19328240625207e-09,4.712988135259511e-09,2.8794528696397006e-09
92,3.5323051473461315e-09,3.4188377341067687e-09,3.590568702420575e-09,4.210461166389667e-09,2.8889710057711218e-09,4.176103091870438e-09,4.673758423020777e-09,2.849463743398334e-09
93,3.5193896614483584e-09,3.3876885832725083e-09,3.6328801786594305e-09,4.228000292534878e-09,2.8264048335357842e-09,4.151298709819253e-09,4.636473340164952e-09,2.832754487556156e-09
94,3.5083048610389783e-09,3.3541546893404406e-09,3.6362015330093574e-09,4.238370945726523e-09,2.7783221053728328e-09,4.111747402732284e-09,4.603035883253993e-09,2.814925075604604e-09
95,3.4770827298943687e-09,3.3123835033647742e-09,3.5806088578773367e-09,4.230368964141451e-09,2.7512968328783643e-09,4.080235133348426e-09,4.5617506642501635e-09,2.7868530415384303e-09
96,3.4451203439483697e-09,3.281442695869764e-09,3.4777829610489696e-09,4.22404376478571e-09,2.688137499476455e-09,4.051014022781444e-09,4.517035756716923e-09,2.7649688799776696e-09
97,3.4371004368376806e-09,3.2578288250351777e-09,3.4230586056211616e-09,4.219824201651654e-09,2.6132487218585234e-09,4.028604278535918e-09,4.47063442839341e-09,2.7358013763050623e-09
98,3.4255026697722006e-09,3.227920495685198e-09,3.397723945850559e-09,4.215088081447026e-09,2.5612307413354527e-09,4.008300923334578e-09,4.426153334194237e-09,2.702435155492936e-09
99,3.4156176753738248e-09,3.1922770241435078e-09,3.3350044673080214e-09,4.2144777579562845e-09,2.5288585476087716e-09,3.96654179125395e-09,4.388793885909377e-09,2.6765444698053497e-09
100,3.4130696970914688e-09,3.1605606922905666e-09,3.2985213731334772e-09,4.2059096272400046e-09,2.492264627735084e-09,3.922098032354251e-09,4.352334873765122e-09,2.6567655458577565e-09
101,3.4024595601941244e-09,3.135806851949076e-09,3.3132157296814487e-09,4.209540771821716e-09,2.4468185880157506e-09,3.889836808326978e-09,4.31090456995726e-09,2.645003674815346e-09
102,3.3874795228949228e-09,3.1077229950663766e-09,3.3637867818717325e-09,4.2273444532338065e-09,2.4209789342227323e-09,3.857686025672451e-09,4.268648471290341e-09,2.630091040435652e-09
103,3.3773625644400783e-09,3.094486317569068e-09,3.375080828533061e-09,4.237910202106665e-09,2.37401123639648e-09,3.8285401961116735e-09,4.214849100308694e-09,2.6147447032773064e-09
104,3.362172405686725e-09,3.0865093708417003e-09,3.3418945551078264e-09,4.236447353160588e-09,2.3031222166177033e-09,3.8086100521394615e-09,4.166934542835397e-09,2.5975158568537024e-09
105,3.3493122420829483e-09,3.055087350304557e-09,3.333044640215955e-09,4.222134706815447e-09,2.247099355192975e-09,3.7885756157238775e-09,4.11382965799457e-09,2.577195741252538e-09
106,3.334881444404872e-09,3.0233618130114108e-09,3.33459642485138e-09,4.217092946755998e-09,2.1842980237144093e-09,3.759933767604959e-09,4.059871968911837e-09,2.5584037449768433e-09
107,3.308762177525159e-09,3.0051285425297607e-09,3.3463677187914305e-09,4.228064018703988e-09,2.1192353482236445e-09,3.7341464410543635e-09,4.0178096193589766e-09,2.5327340308216883e-09
108,3.2944132199700853e-09,2.9929430397829525e-09,3.3382584549028e-09,4.24354009688207e-09,2.0713091739481403e-09,3.7293084631994895e-09,3.983996850692919e-09,2.5085282064813295e-09
109,3.2780636211111746e-09,3.003421722887942e-09,3.2698576590293983e-09,4.259989409618578e-09,2.034627037340147e-09,3.736629820101216e-09,3.9472682064513545e-09,2.4966068557271843e-09
110,3.2665949078325078e-09,3.014551973062111e-09,3.1957465615438117e-09,4.274524584708564e-09,2.0054619160376552e-09,3.715678266379289e-09,3.9036786895631205e-09,2.4888764129210052e-09
111,3.265549888509407e-09,3.0066423397976087e-09,3.1678447149575695e-09,4.283382562746421e-09,1.968576458212389e-09,3.6872985251721336e-09,3.8503061224810424e-09,2.4740717658765937e-09
112,3.256685740453434e-09,2.987838009338103e-09,3.1110083139513985e-09,4.2921086867571994e-09,1.941549672743366e-09,3.6495190043666762e-09,3.793261339727915e-09,2.4520814636128043e-09
113,3.2440876378460696e-09,2.9670798474067644e-09,3.072254905484121e-09,4.313742180588209e-09,1.93233407552872e-09,3.592640250051096e-09,3.767044160578281e-09,2.4304545679583333e-09
114,3.2236458695563704e-09,2.9481458798010948e-09,3.052309519751776e-09,4.334836761121787e-09,1.9083802286801477e-09,3.55022865234673e-09,3.723150453018973e-09,2.4145085241793373e-09
115,3.206851974008661e-09,2.9202860109907265e-09,3.0216523847987606e-09,4.3485708208818034e-09,1.879905289410319e-09,3.5332952014035244e-09,3.661173853971375e-09,2.400084562567435e-09
116,3.2007892270171203e-09,2.8894734834631465e-09,2.9734304599758597e-09,4.361900405843029e-09,1.8557936773454448e-09,3.52336400150654e-09,3.610919310260779e-09,2.3786142058220007e-09
117,3.189566842016896e-09,2.8673833326292286e-09,2.8977973664215457e-09,4.373784554200246e-09,1.8115752199214082e-09,3.481422779934886e-09,3.551160773259109e-09,2.3537374830890656e-09
118,3.1700611482937424e-09,2.8458490992615066e-09,2.856434178888513e-09,4.3750228425985584e-09,1.7630444624665653e-09,3.4439288325325566e-09,3.4953717613085258e-09,2.3430474781046815e-09
119,3.1573113493669286e-09,2.8123476649930334e-09,2.7932664444666116e-09,4.3732462932257684e-09,1.7473337970954038e-09,3.4340848929530884e-09,3.4602615314445384e-09,2.3353527598832216e-09
120,3.149363025311199e-09,2.7909238512403847e-09,2.7443853597700656e-09,4.3676560494982945e-09,1.752261642753919e-09,3.400842630895974e-09,3.4161163182360408e-09,2.319994430929834e-09
121,3.1398156646566353e-09,2.7872208041504536e-09,2.7785628860496937e-09,4.348586441567277e-09,1.755844486079267e-09,3.3634886865018454e-09,3.363548392606524e-09,2.3016939829561463e-09
122,3.1278667074466824e-09,2.770802135691748e-09,2.8004970187721996e-09,4.331528428358173e-09,1.7460214286014825e-09,3.334739153741562e-09,3.3311472202493164e-09,2.2803280546849007e-09
123,3.112388703841698e-09,2.740739882223148e-09,2.7674722273974925e-09,4.306538167744067e-09,1.7169805356078413e-09,3.291188989563915e-09,3.318863427587181e-09,2.2564202153855e-09
124,3.0938174080158036e-09,2.7147737842344525e-09,2.6970316209968386e-09,4.278979134974773e-09,1.6794442038640124e-09,3.2588443195763778e-09,3.2898983748339355e-09,2.233554273430369e-09
125,3.0747612881717596e-09,2.7014494562534253e-09,2.6520598136897134e-09,4.261851025417228e-09,1.6471705488025384e-09,3.2347529758554945e-09,3.2437098929375072e-09,2.220465827135201e-09
126,3.0492720679429247e-09,2.6980006643048316e-09,2.601120505724847e-09,4.257651294426586e-09,1.625259482030553e-09,3.2170081105925793e-09,3.193850722279188e-09,2.2033480642130483e-09
127,3.0289219679453568e-09,2.6991310311047347e-09,2.5093583183706267e-09,4.254236375466949e-09,1.5954800130814041e-09,3.188535569393119e-09,3.1377519303830446e-09,2.179184621780814e-09
128,3.0286162895905825e-09,2.7032174356139975e-09,2.4684744483644592e-09,4.237848412303038e-09,1.5439057339601759e-09,3.1373537784324042e-09,3.079826701541069e-09,2.1556804607727097e-09
129,3.034785695345961e-09,2.6859673591003023e-09,2.459558462523928e-09,4.224738506053986e-09,1.4974996530371143e-09,3.0941311828262208e-09,3.0185898074933696e-09,2.130023657118845e-09
130,3.034171371740899e-09,2.6582796317354885e-09,2.4523779178263133e-09,4.216202570560627e-09,1.4650296722002095e-09,3.0626553436721022e-09,2.959449966397153e-09,2.1186560474302635e-09
131,3.028527219282207e-09,2.642564520909814e-09,2.4434490413688947e-09,4.2217773329485574e-09,1.4269387808228245e-09,3.028804926947297e-09,2.893911262235269e-09,2.1165154287619705e-09
132,3.0255944488825124e-09,2.6219480503996972e-09,2.4197169583805157e-09,4.219694141994428e-09,1.435901294957379e-09,3.0019783024101354e-09,2.8414398270873138e-09,2.1007485223851888e-09
133,3.0327104853468442e-09,2.604333709452787e-09,2.3999386269601813e-09,4.212170656317599e-09,1.4489192427050799e-09,2.9665232426786025e-09,2.7957262578032115e-09,2.080989421343473e-09
134,3.0281711362424564e-09,2.595581824188407e-09,2.3981506317913843e-09,4.195857874224308e-09,1.4135641433256026e-09,2.9270930690648106e-09,2.749283795560886e-09,2.0642697972824055e-09
135,3.009514470738298e-09,2.5736660765767525e-09,2.36365843163143e-09,4.162578343954067e-09,1.3912609290620665e-09,2.9088799147716623e-09,2.7188843923197142e-09,2.0513079904790153e-09
136,2.9895407327120503e-09,2.5492063389438045e-09,2.295707539682405e-09,4.11946246046167e-09,1.3892099759857772e-09,2.885084429639406e-09,2.6988560520102647e-09,2.0365836579791715e-09
137,2.9590095945389366e-09,2.529079976013174e-09,2.2547271071818166e-09,4.0843272796794055e-09,1.380901836534118e-09,2.8468440690980735e-09,2.675676468490938e-09,2.0193151425064378e-09
138,2.92905264235331e-09,2.5034367502283267e-09,2.2634091705083802e-09,4.06834975141524e-09,1.3532583050362257e-09,2.8070172518043395e-09,2.652341264503782e-09,2.002936710828204e-09
139,2.9069791016578142e-09,2.4799918748925765e-09,2.3089942144590253e-09,4.0419791124954125e-09,1.3130922647407696e-09,2.769381545491373e-09,2.61072734618367e-09,1.994518976279554e-09
140,2.8892156936921634e-09,2.454346962371527e-09,2.3105035168536823e-09,4.018244893172008e-09,1.2805372150244896e-09,2.7420237186136135e-09,2.5484762863850463e-09,1.9959084934509943e-09
141,2.8755885773268e-09,2.4314226412088e-09,2.2981370643385696e-09,4.020660206929099e-09,1.2599404530211029e-09,2.7328164836456134e-09,2.514916697501685e-09,1.991923544145362e-09
142,2.848781686199852e-09,2.4120049378950925e-09,2.280459362532928e-09,4.012980795648458e-09,1.243643090635533e-09,2.7254375514383104e-09,2.492618684935448e-09,1.980802878970587e-09
143,2.8177952061400447e-09,2.402484681547757e-09,2.2488840908875756e-09,3.974986713057644e-09,1.211464609930061e-09,2.6853073233875935e-09,2.4620362262533775e-09,1.9559994131497536e-09
144,2.7891380183101275e-09,2.394015157775816e-09,2.2092572784558943e-09,3.941946071940555e-09,1.1808792169705147e-09,2.6507580701294152e-09,2.4150249262592817e-09,1.918366667894412e-09
145,2.7561007059257733e-09,2.3851146527726652e-09,2.1625900013381653e-09,3.9124794237250805e-09,1.1409935865963824e-09,2.639755316651682e-09,2.371903010741726e-09,1.8975399113083436e-09
146,2.7567025319101583e-09,2.3940165822496583e-09,2.185482907807462e-09,3.9021949811652125e-09,1.0950445006590267e-09,2.6069299669160886e-09,2.362853365287968e-09,1.8895280120097133e-09
147,2.7767435950401526e-09,2.395187785863777e-09,2.2533034303007263e-09,3.888232656635547e-09,1.0891385062840336e-09,2.5625493395999274e-09,2.346221090542805e-09,1.875635337241054e-09
148,2.7612982448488513e-09,2.3840851321641963e-09,2.282020749293777e-09,3.87172768188598e-09,1.075052775345816e-09,2.5173134173621733e-09,2.302826250122536e-09,1.8671052635733807e-09
149,2.7367602055078814e-09,2.3810978545077217e-09,2.2765711350456007e-09,3.869077296964561e-09,1.0452343615395119e-09,2.4771392929546345e-09,2.2571909424571183e-09,1.8604977875218114e-09
150,2.7118142441263783e-09,2.3709707070099917e-09,2.303331039512387e-09,3.842163802846432e-09,1.0164698806946954e-09,2.4812853930492125e-09,2.234032000514475e-09,1.844576702904492e-09
151,2.675621641281317e-09,2.3503186599322556e-09,2.3273791545437015e-09,3.810858623072029e-09,9.97944461659487e-10,2.500206486776735e-09,2.2054756983570175e-09,1.8303484878182606e-09
152,2.647264527179628e-09,2.3375975711818455e-09,2.2831246181328587e-09,3.757100073624149e-09,9.697897200032457e-10,2.4895996452205964e-09,2.144819290390841e-09,1.8105363914076518e-09
153,2.6253565334882076e-09,2.315816216103979e-09,2.2080986175902706e-09,3.6917409692837272e-09,9.26117155746344e-10,2.4667356898644596e-09,2.1108040478425527e-09,1.7767786896154014e-09
154,2.595167663301258e-09,2.2665248815852966e-09,2.1703607115272935e-09,3.6437412143882067e-09,9.158273049307462e-10,2.434439820306588e-09,2.1258785233811836e-09,1.7525769431598167e-09
155,2.5665774692142894e-09,2.204647678300257e-09,2.150735277986624e-09,3.6102420870417487e-09,9.372811508930952e-10,2.3965139771215885e-09,2.137521733390881e-09,1.745448083470008e-09
156,2.5436282985303094e-09,2.167248279938544e-09,2.1264009776332752e-09,3.5994428131683582e-09,9.337530802276402e-10,2.37053126068445e-09,2.1423803221778784e-09,1.7407209040346876e-09
157,2.5179805075010605e-09,2.1462883848362813e-09,2.049587068938484e-09,3.561190775712708e-09,8.973130428400436e-10,2.340064356173241e-09,2.143056555118848e-09,1.7286152858054055e-09
158,2.511157800622803e-09,2.124299249223533e-09,1.9330720808723682e-09,3.5162754378467514e-09,8.760243924452602e-10,2.2932844563509487e-09,2.1198467118089103e-09,1.7253572448046282e-09
159,2.4974301655283198e-09,2.095181343789962e-09,1.8741072936849564e-09,3.4641454283940073e-09,8.682822668018657e-10,2.2387089096398132e-09,2.086892670683947e-09,1.7271885763162907e-09
160,2.489120336348251e-09,2.0376633616792398e-09,1.8714051323795863e-09,3.3902099522032977e-09,8.560003189112548e-10,2.1834781393583022e-09,2.056888390370802e-09,1.7064224265761415e-09
161,2.47561031999032e-09,1.9830829903384852e-09,1.8774923945904525e-09,3.3368025444396538e-09,8.486149151907246e-10,2.159111840654381e-09,2.0097165284343026e-09,1.6707016078719037e-09
162,2.444016497212664e-09,1.9526607011941e-09,1.8700844420482007e-09,3.286792906660314e-09,8.295530160412681e-10,2.1363654618073662e-09,1.968450298757243e-09,1.644820493517199e-09
163,2.419914459525979e-09,1.936538361217744e-09,1.8514196790682553e-09,3.2199047920597373e-09,7.997022729714695e-10,2.1212106852761737e-09,1.9407499452089475e-09,1.6306757947203964e-09
164,2.4113968445098215e-09,1.9217837008384343e-09,1.8278252769101739e-09,3.1439598831956074e-09,7.707334719218613e-10,2.1253744578284446e-09,1.8873974260675956e-09,1.6177617227574742e-09
165,2.411572762670719e-09,1.9094700051037156e-09,1.8137607773307648e-09,3.0649326396510504e-09,7.520379370889994e-10,2.1015142176596317e-09,1.8624889369012918e-09,1.5963624014741525e-09
166,2.3916308972946696e-09,1.905121724882417e-09,1.7705978689217946e-09,2.9807703572174163e-09,7.31987901383892e-10,2.0731651594819783e-09,1.8532935488714808e-09,1.5815983275071583e-09
167,2.3559446047736468e-09,1.896215044639603e-09,1.7549445298735572e-09,2.890774562805368e-09,7.113628722729964e-10,2.0430309348237632e-09,1.8106533895229802e-09,1.5843139146944038e-09
168,2.3324056555234994e-09,1.8684810710670793e-09,1.7779337331369267e-09,2.8248334497281656e-09,7.290552734687503e-10,2.028351269305694e-09,1.7893695750987716e-09,1.5900101682043887e-09
169,2.332723290424957e-09,1.8350622980362763e-09,1.7566776973741998e-09,2.7886421670286253e-09,7.497479660547093e-10,2.0338437483902354e-09,1.7825630376416158e-09,1.5790958574174117e-09
170,2.325241235288901e-09,1.8091378939566596e-09,1.763702393394163e-09,2.7433798778279755e-09,7.495832035095583e-10,2.0024111008196043e-09,1.7704858070546879e-09,1.5580349018446723e-09
171,2.3080719334710517e-09,1.7773038928790842e-09,1.7583565915214137e-09,2.6923847596785893e-09,7.287394831287047e-10,1.9616570850742434e-09,1.7489050967581838e-09,1.5448095035403206e-09
172,2.2782433957574204e-09,1.7345875903664083e-09,1.6874240396775325e-09,2.6418628460674364e-09,6.941866682471234e-10,1.9465407727614135e-09,1.7130664290807281e-09,1.5377805097622667e-09
173,2.225744999256358e-09,1.7073519485246323e-09,1.6194167205206881e-09,2.5782216738728005e-09,6.737895182288593e-10,1.917721438313338e-09,1.6772950922825288e-09,1.5363012192685538e-09
174,2.1900526571110094e-09,1.694396456008327e-09,1.5795509305965575e-09,2.540690005207295e-09,6.703337824963333e-10,1.894087001124725e-09,1.6109594549956878e-09,1.5412834075890807e-09
175,2.176632819623319e-09,1.6720587691798997e-09,1.5798578590465072e-09,2.5000657858986587e-09,6.689543021581763e-10,1.880479149179942e-09,1.561763280574343e-09,1.5495256956810969e-09
176,2.1636845735437063e-09,1.6452378386735266e-09,1.5950472127398414e-09,2.4441686027229216e-09,6.490028840380811e-10,1.8513610498588706e-09,1.5553104840273724e-09,1.5396372515557572e-09
177,2.163265164088022e-09,1.614500255338816e-09,1.6155025103127291e-09,2.378808787330947e-09,6.203967335818698e-10,1.8160301130128332e-09,1.5307153810893515e-09,1.5293521908708712e-09
178,2.1753057200867886e-09,1.5883118661448717e-09,1.6417878459252666e-09,2.312560146358408e-09,6.14951239790786e-10,1.7728137976778635e-09,1.5169714984664732e-09,1.5245059034952557e-09
179,2.1665147590093626e-09,1.5637933943428174e-09,1.6215251294947636e-09,2.2706700064140486e-09,6.431052598056123e-10,1.7487700612990049e-09,1.5245058625961003e-09,1.514369452536005e-09
180,2.1338336450568652e-09,1.550528897152523e-09,1.6130024068757377e-09,2.211014336283812e-09,6.70067297335189e-10,1.7322471957369428e-09,1.5312138054187242e-09,1.5088903540264698e-09
181,2.099313379614649e-09,1.5469266501206407e-09,1.6029598712441967e-09,2.141208571697459e-09,6.726165591801057e-10,1.712515241948984e-09,1.531771320553802e-09,1.4942089067665206e-09
182,2.068643333481403e-09,1.5350852335641936e-09,1.5508758209140905e-09,2.0633592102488194e-09,6.689397634171699e-10,1.7069189707687663e-09,1.5196391425805754e-09,1.4732987623812364e-09
183,2.041530045115574e-09,1.524823533305497e-09,1.528237185545694e-09,1.992196725405757e-09,6.342256993236993e-10,1.6908478941666321e-09,1.4967693056881257e-09,1.4612461810043636e-09
184,2.0027538369393127e-09,1.5173826548777495e-09,1.5153825035032891e-09,1.9222913978291224e-09,5.992618989981668e-10,1.675771559798821e-09,1.471791031590876e-09,1.4543632810641113e-09
185,1.979189463042726e-09,1.5042931177921687e-09,1.499091535552736e-09,1.860966255254132e-09,5.891656255109995e-10,1.6661575743850177e-09,1.4441668070669636e-09,1.4423302469270015e-09
186,1.971472652677439e-09,1.4976105805777896e-09,1.4915235557983743e-09,1.8109791681545875e-09,5.706857556138068e-10,1.6368705430607867e-09,1.4119258552332798e-09,1.4276990392659678e-09
187,1.9518838981905834e-09,1.4858079930451192e-09,1.4760336922470446e-09,1.7652043044658013e-09,5.506474206433352e-10,1.6178987561282542e-09,1.3780597436211837e-09,1.4170682425024112e-09
188,1.939400892514266e-09,1.4797278785335917e-09,1.4350939860216118e-09,1.7273963992286122e-09,5.413151184229858e-10,1.6107515615811793e-09,1.3458347465134279e-09,1.403825859113097e-09
189,1.9258107679745506e-09,1.4832880153100233e-09,1.3834103558139417e-09,1.6792014770958732e-09,5.460187639385795e-10,1.6025278537022695e-09,1.31300659231213e-09,1.3895840877082714e-09
190,1.9050618217766238e-09,1.47285047355718e-09,1.3301235871041187e-09,1.634156698943384e-09,5.484392305673548e-10,1.5939667277009341e-09,1.2900738837714626e-09,1.375499694578527e-09
191,1.886021098208982e-09,1.4627233755260605e-09,1.289576335740833e-09,1.589103390634249e-09,5.432317908086568e-10,1.581579457971183e-09,1.2812274476477227e-09,1.356035677361843e-09
192,1.859131858322671e-09,1.4545818022361044e-09,1.2700676881381794e-09,1.522419612559007e-09,5.307851571086916e-10,1.568248935013437e-09,1.2529494459960415e-09,1.3399694037443568e-09
193,1.8391526380970979e-09,1.4513841725627776e-09,1.2735411567932597e-09,1.4578609890613905e-09,5.100926957440154e-10,1.549095070911836e-09,1.2132848368637174e-09,1.3280659354110628e-09
194,1.8301076957686815e-09,1.4451554460457553e-09,1.2643224769430274e-09,1.4110378727767373e-09,5.032927621134399e-10,1.5439239191846024e-09,1.179259364540167e-09,1.3281262249906403e-09
195,1.828493637207367e-09,1.434756985073768e-09,1.2385251141835793e-09,1.3607990239291566e-09,5.063060259538573e-10,1.5402949194357204e-09,1.1611616194254177e-09,1.3334330600934309e-09
196,1.8309266910034984e-09,1.421140859518707e-09,1.2096858982621117e-09,1.3114038591845898e-09,5.144203076574807e-10,1.5184811748594069e-09,1.140658118185224e-09,1.3218335086956287e-09
197,1.8085258040203276e-09,1.3990014035552662e-09,1.1672330239180242e-09,1.2585927622534743e-09,5.134549198651212e-10,1.5065423126837726e-09,1.0973943071334927e-09,1.3052563008096357e-09
198,1.7713390664462596e-09,1.385014760492978e-09,1.1172942225396368e-09,1.2102759293135407e-09,4.926818463375492e-10,1.5087535221219341e-09,1.0640362297718033e-09,1.2926956048251024e-09
199,1.7544576546956544e-09,1.3786560651004152e-09,1.0676960206505046e-09,1.1604816417078459e-09,4.852001043490457e-10,1.5090346218654362e-09,1.0587069310965343e-09,1.2784703389758974e-09
200,1.7439260143026077e-09,1.369702582062898e-09,1.026770815647305e-09,1.1038332710329527e-09,4.829847605699918e-10,1.503227451062708e-09,1.0567434337438414e-09,1.2634290314722136e-09
201,1.7344086806463638e-09,1.371144490738507e-09,9.797105305269583e-10,1.0678297221121927e-09,4.730380732234248e-10,1.471288969772468e-09,1.0270232093829434e-09,1.2535913686787904e-09
202,1.7306815005731902e-09,1.3746358927710702e-09,9.529751011702067e-10,1.040364467884322e-09,4.5902317426929864e-10,1.4288799173840134e-09,1.0046446666488712e-09,1.2443801925293088e-09
203,1.7235355463567503e-09,1.3692303622503455e-09,9.546061249206383e-10,1.0270207459770398e-09,4.573596015638319e-10,1.4066609984591192e-09,1.0177665736691336e-09,1.23915846191759e-09
204,1.7141536927971474e-09,1.3746939252971005e-09,9.586954825023725e-10,1.0145109881522083e-09,4.6130702293535e-10,1.3943238401189293e-09,1.0080875367806722e-09,1.2466836978557365e-09
205,1.704802417891212e-09,1.3953131561635026e-09,9.570107885432973e-10,9.853770452285574e-10,4.468155444862364e-10,1.3882867452516253e-09,9.582845402716193e-10,1.2447375425023192e-09
206,1.6424189306083692e-09,1.3792160353665708e-09,9.547937055552611e-10,8.439175730677714e-10,6.4991368381061e-10,1.285778129779087e-09,1.0181737067200777e-09,1.2531685145532998e-09
207,1.5780168733516382e-09,1.338877933906992e-09,9.417222534057096e-10,6.962726111785553e-10,8.683625742164079e-10,1.1686509224225842e-09,1.0871812766294715e-09,1.2562624263738888e-09
208,1.5712221098090902e-09,1.317493088759409e-09,9.552520016462908e-10,6.722200047691353e-10,8.878555729163085e-10,1.151757458425144e-09,1.0432759904763674e-09,1.2335479421528944e-09
209,1.5494008151455404e-09,1.293342607076121e-09,9.903912675887706e-10,6.37903114616315e-10,8.984033077732823e-10,1.1390779882071697e-09,1.009161076797351e-09,1.2025232232871032e-09
210,1.5215467309009987e-09,1.2749010195145174e-09,9.882772403893685e-10,6.041143120170697e-10,8.875675697887625e-10,1.120578234476127e-09,9.848661130073896e-10,1.1648740600199464e-09
211,1.4950521100497235e-09,1.2663799779727828e-09,9.793713837617499e-10,5.932194413701816e-10,8.773774100894012e-10,1.1056323485449793e-09,9.68785432862957e-10,1.1437864602974115e-09
212,1.4710135457173156e-09,1.2578925058660426e-09,9.781108847143644e-10,5.702069591027445e-10,8.684823235680684e-10,1.082921158491837e-09,9.731130626259396e-10,1.137770739297873e-09
213,1.4561279421778863e-09,1.2449738564338595e-09,9.583381980264408e-10,5.453529751258065e-10,8.691043872049333e-10,1.0636995382927211e-09,9.743139821295234e-10,1.1260850002060836e-09
214,1.4415876133668864e-09,1.2278571731027863e-09,9.471638265984976e-10,5.346415761407332e-10,8.654081038804979e-10,1.0416569717241592e-09,9.638947768096608e-10,1.106255152080944e-09
215,1.4180193616970316e-09,1.2108736993225704e-09,9.559573295393177e-10,5.259987491619057e-10,8.560614721370427e-10,1.0133402683325794e-09,9.603473373434719e-10,1.0870500012993557e-09
216,1.3917127596480816e-09,1.1869678970335482e-09,9.469075229327092e-10,5.235087512758179e-10,8.452642495804477e-10,1.0041044224022118e-09,9.434144704534788e-10,1.070696006697442e-09
217,1.3794959621737223e-09,1.1577680200944267e-09,9.453489613729519e-10,5.303480150493076e-10,8.388693088138832e-10,9.83082777170387e-10,9.240322223657242e-10,1.0508412854369326e-09
218,1.3766961804390596e-09,1.1363109053457979e-09,9.300772045624827e-10,5.316942321467143e-10,8.318412431998144e-10,9.599719682763449e-10,9.26406117237449e-10,1.0218014362091867e-09
219,1.3654718127775222e-09,1.1312483950126873e-09,9.017722799592685e-10,5.067765253210585e-10,8.089132766807045e-10,9.438625421228962e-10,9.172116889448693e-10,9.880240928689497e-10
220,1.3366328590265882e-09,1.1335395824390922e-09,8.918151882886329e-10,4.6977147730789e-10,7.877744940119843e-10,9.056394859243485e-10,8.968861511378489e-10,9.608408938234749e-10
221,1.3123796259754735e-09,1.1321053200569565e-09,8.663099436917846e-10,4.483616352548726e-10,7.651631425919943e-10,8.866921697070546e-10,8.742642788516775e-10,9.435938052906081e-10
222,1.2984574937623269e-09,1.1242954843682286e-09,8.440050784263421e-10,4.3293886265855094e-10,7.545796400294839e-10,8.949206110955338e-10,8.641103612759871e-10,9.262309509853457e-10
223,1.2980799612305095e-09,1.1198073084860147e-09,8.539127532694882e-10,4.1952934140337493e-10,7.564189927945453e-10,8.774708714636952e-10,8.663499984753653e-10,9.059283694920853e-10
224,1.3139176831790422e-09,1.1114315221452734e-09,8.672089213840893e-10,4.168034754297027e-10,7.503456445183722e-10,8.56653902503823e-10,8.60717937466927e-10,8.819430742884889e-10
225,1.319522174791266e-09,1.0941559507772564e-09,8.649234126756826e-10,3.9899861497086e-10,7.371779095317595e-10,8.425645944490638e-10,8.679420694398998e-10,8.547736444915309e-10
226,1.3070309709287211e-09,1.0824910824090605e-09,8.506207441533071e-10,3.85386990897099e-10,7.284460928636513e-10,8.223983559136988e-10,8.68379716998241e-10,8.249741284596738e-10
227,1.2938725478967183e-09,1.0701981102111957e-09,8.374268545866356e-10,3.8862259847426857e-10,7.327344674132993e-10,8.175000098090805e-10,8.472151060105259e-10,8.030638300387307e-10
228,1.2768454689113615e-09,1.0524057052497811e-09,8.258190391560002e-10,3.917515118510372e-10,7.381983330130128e-10,8.111019643264209e-10,8.409770746839088e-10,7.822278589895769e-10
229,1.246763654925786e-09,1.0266611903382015e-09,8.067374028200386e-10,3.9185236062272655e-10,7.262620412193235e-10,8.153528219435486e-10,8.28640598294982e-10,7.604289001080934e-10
230,1.2237093037474531e-09,1.0004845373964492e-09,7.977537174834104e-10,3.74170739693618e-10,6.991740405675589e-10,8.155793644562308e-10,7.995448519316178e-10,7.455672887528715e-10
231,1.2143470993785032e-09,9.82216100247443e-10,7.831632513997371e-10,3.642361060387934e-10,6.804647177685727e-10,8.029809965001411e-10,7.768809374761903e-10,7.311148276684509e-10
232,1.2088095772671982e-09,9.648175303823737e-10,7.694799283910264e-10,3.639578732754471e-10,6.760806188521882e-10,7.933762673703024e-10,7.64547751891639e-10,7.177055639806848e-10
233,1.20416852431861e-09,9.44174581325493e-10,7.724374638463855e-10,3.639124086319583e-10,6.74948722028615e-10,7.794395642923026e-10,7.607623410700242e-10,7.038577340216794e-10
234,1.1994768432848373e-09,9.233938022286425e-10,7.754065070615306e-10,3.638664577934032e-10,6.738101739217021e-10,7.654388345935607e-10,7.569590405801061e-10,6.899043857162794e-10
235,1.1947345944097944e-09,9.024779461260828e-10,7.783871182364515e-10,3.6382002034709975e-10,6.726649764949431e-10,7.513751471811369e-10,7.531379169694715e-10,6.758472335183576e-10
236,1.1899418420700491e-09,8.814298052397153e-10,7.813793578941779e-10,3.6377309588281834e-10,6.715131318371704e-10,7.372495806814345e-10,7.492990375792409e-10,6.616880313144919e-10
237,1.1850986547763852e-09,8.602522102125609e-10,7.843832868789622e-10,3.637256839904658e-10,6.703546421619775e-10,7.230632232880662e-10,7.454424705484248e-10,6.474285717800442e-10
238,1.1802051051746855e-09,8.389480293268322e-10,7.873989663633305e-10,3.636777842621286e-10,6.691895098112554e-10,7.088171725996821e-10,7.415682848101895e-10,6.330706857195314e-10
239,1.1752612700483812e-09,8.175201677082646e-10,7.904264578465562e-10,3.6362939629016586e-10,6.680177372502851e-10,6.945125354522451e-10,7.376765500869566e-10,6.186162413932333e-10
240,1.1702672303202165e-09,7.959715665201762e-10,7.9346582315575e-10,3.635805196683672e-10,6.668393270741599e-10,6.801504277617004e-10,7.33767336888223e-10,6.040671438260168e-10
241,1.1652230710523181e-09,7.743052021419776e-10,7.965171244519667e-10,3.6353115399256583e-10,6.656542820002091e-10,6.657319743588842e-10,7.298407165096293e-10,5.894253341018138e-10
242,1.1601288814459233e-09,7.525240853314803e-10,7.99580424228968e-10,3.634812988585269e-10,6.644626048742756e-10,6.512583088215864e-10,7.258967610333473e-10,5.746927886449214e-10
243,1.1549847548420586e-09,7.306312603843855e-10,8.02655785313152e-10,3.6343095386467235e-10,6.632642986729526e-10,6.367305732989943e-10,7.219355433163332e-10,5.598715184839076e-10
244,1.149790788721065e-09,7.086298042682388e-10,8.057432708716927e-10,3.633801186097647e-10,6.620593664905953e-10,6.221499183483819e-10,7.17957136996707e-10,5.44963568502273e-10
245,1.1445470847019177e-09,6.865228257506749e-10,8.088429444134857e-10,3.633287926939289e-10,6.608478115542579e-10,6.075175027643249e-10,7.139616164904851e-10,5.29971016677041e-10
246,1.1392537485399157e-09,6.643134645272962e-10,8.119548697815159e-10,3.632769757189248e-10,6.596296372171988e-10,5.928344933980892e-10,7.099490569840333e-10,5.148959733002744e-10
247,1.1297727671807011e-09,6.479883739101023e-10,8.131635136265434e-10,3.5118637194158544e-10,6.586378029320457e-10,5.737823184812826e-10,7.035270744584691e-10,5.002668854285565e-10
248,1.1171207073742444e-09,6.338330470103589e-10,8.14281321886588e-10,3.402939367817369e-10,6.606098481990443e-10,5.460371607526722e-10,7.057895852002327e-10,4.805785793991266e-10
249,1.1026541676271504e-09,6.024561667047404e-10,8.146545468994442e-10,3.433131404610193e-10,6.630228810152046e-10,5.380071802638982e-10,7.087297826585202e-10,4.581750461683518e-10
250,1.0948775199876357e-09,5.670963309632382e-10,8.26188115699865e-10,3.496688792410442e-10,6.614576301519422e-10,5.442294460445345e-10,7.087407288333412e-10,4.375407630867345e-10
251,1.094836898982743e-09,5.381788939052905e-10,8.371677339081346e-10,3.4810731476176044e-10,6.576406174283104e-10,5.360455443112896e-10,7.025533703100737e-10,4.205589680252651e-10
252,1.0910626800396975e-09,5.138816997350795e-10,8.476161024434878e-10,3.470611641013467e-10,6.60029659315061e-10,5.255885970963256e-10,6.85922682133085e-10,4.106899702699931e-10
253,1.0804665713155604e-09,4.964130577861649e-10,8.612613574085747e-10,3.420213971484601e-10,6.633173847563958e-10,5.048168002979179e-10,6.762959510824358e-10,3.9615669353657245e-10
254,1.0680873778182999e-09,4.780416963821476e-10,8.630901616387807e-10,3.2874276419550756e-10,6.633319525916152e-10,4.821496132474787e-10,6.65763038056502e-10,3.7734086503864235e-10
255,1.0451687814525113e-09,4.6296752035251653e-10,8.684509215029304e-10,3.1820350981038634e-10,6.788081577474126e-10,4.5663016731724026e-10,6.708181787364164e-10,3.6657469803527886e-10
256,1.020952094191225e-09,4.4802782347499243e-10,8.772893882403551e-10,3.0812963459705636e-10,6.922879625079773e-10,4.283947522432788e-10,6.799171899226317e-10,3.5374118478237717e-10
257,1.076970570312148e-09,4.815775035581026e-10,8.655874392636377e-10,4.2071548726006347e-10,4.4645254474496544e-10,5.165329493192954e-10,5.535563022717636e-10,3.105356751037935e-10
258,1.1344088492477812e-09,5.290265371573007e-10,8.411055743238221e-10,5.317754297933179e-10,1.9301319783030528e-10,6.174919552790479e-10,4.2794155875146e-10,2.7568835679388645e-10
259,1.1315968350325752e-09,5.316555676223804e-10,8.333202279544579e-10,5.263405293243281e-10,1.85019627250616e-10,6.136699737619277e-10,4.177431411467962e-10,2.7429225483088365e-10
260,1.1322289508707662e-09,5.29122131537854e-10,8.319537015370765e-10,5.264932294935877e-10,2.008975313363531e-10,6.040821193124308e-10,4.163788555958164e-10,2.7449436065228727e-10
261,1.1284813706790536e-09,5.310579538094314e-10,8.19862142181386e-10,5.180139745648395e-10,2.1143755029815163e-10,5.980030556360407e-10,4.23187727006789e-10,2.708384036610095e-10
262,1.1377597108752027e-09,5.25697523545926e-10,8.08278656306288e-10,5.13301002129486e-10,2.0230317064734276e-10,5.960084987882253e-10,4.246437237799631e-10,2.624060343690432e-10
263,1.147495073156749e-09,5.210399378041332e-10,8.050680396381256e-10,5.088231677189321e-10,2.0445647375376297e-10,5.964817819301673e-10,4.3086657005587295e-10,2.578570820073171e-10
264,1.1508992128621355e-09,5.170278114860749e-10,7.923605958572599e-10,4.99063048134589e-10,2.0804358385190878e-10,5.989866321519985e-10,4.307465131004978e-10,2.5830681710105937e-10
265,1.1575684356993772e-09,4.945766500082293e-10,7.838939068391901e-10,4.853262307493481e-10,1.9703510431529673e-10,6.086950427337909e-10,4.200174569892598e-10,2.583840104994081e-10
266,1.1595690214838023e-09,4.835581446851491e-10,7.965690069102012e-10,4.74880798763975e-10,1.8545621021686687e-10,6.127922099224454e-10,4.172206175661478e-10,2.579058125056936e-10
267,1.1628424838440475e-09,4.91025457219343e-10,7.99942673482293e-10,4.820318400407621e-10,1.8404209637917498e-10,6.114846647284316e-10,4.192731992033674e-10,2.533934011941168e-10
268,1.160839939051105e-09,4.881592709313181e-10,7.909356010770273e-10,4.808459672699877e-10,1.8787540900170793e-10,6.133550264625183e-10,4.153066614252667e-10,2.4956618413879984e-10
269,1.1549934114322256e-09,4.757867456341002e-10,7.934066920061746e-10,4.702588811108327e-10,1.9244837857190293e-10,6.231214007832531e-10,4.109164722936958e-10,2.504581217943153e-10
270,1.1394962528210677e-09,4.767968970332813e-10,8.038998853833466e-10,4.682454337005257e-10,1.9562880095471483e-10,6.344037857707897e-10,4.1645123684967414e-10,2.5151468464977894e-10
271,1.12220586170872e-09,4.816090307169233e-10,8.180920189302098e-10,4.697263930707169e-10,1.9409484278295027e-10,6.484496299446874e-10,4.119576821988611e-10,2.4890296978047235e-10
272,1.1186895601699702e-09,4.7506075158556e-10,8.157853742475931e-10,4.684497016508988e-10,1.9656713425355514e-10,6.544701333046416e-10,4.0048953966607463e-10,2.4385507707349933e-10
273,1.104847683075049e-09,4.728656404333715e-10,8.095336189240363e-10,4.695219196840921e-10,1.9922509216447148e-10,6.404028834072394e-10,4.031425869893942e-10,2.4251031445331176e-10
274,1.0865426188317905e-09,4.790477321566478e-10,8.184740922197946e-10,4.694814585411092e-10,2.0508417080541963e-10,6.258578364762843e-10,4.093401658828396e-10,2.3475691425249656e-10
275,1.0759971411475e-09,4.858686928075916e-10,8.189054451200581e-10,4.583380896469363e-10,2.0671798814549356e-10,6.131058481601088e-10,4.124669734747244e-10,2.2219470165587624e-10
276,1.0714079162500426e-09,4.969441060300948e-10,8.116539718372671e-10,4.47801808159332e-10,1.9034653969734243e-10,6.024493712428868e-10,4.1590753950707296e-10,2.1852919369371064e-10
277,1.0579494832129147e-09,5.012942721770444e-10,7.993246629475253e-10,4.352800200916066e-10,1.885405510012696e-10,6.05486841682544e-10,4.18911264814052e-10,2.175115736835613e-10
278,1.0376339811124959e-09,4.946324866982288e-10,7.8262001154665e-10,4.1996323410281365e-10,1.9398860908217242e-10,6.084781759274156e-10,4.1661182926026365e-10,2.155230954942547e-10
279,1.0296008856586204e-09,4.944435774714138e-10,7.781498015992502e-10,4.0988366827338687e-10,1.9882706409171258e-10,6.03966483813081e-10,4.1531236687313553e-10,2.0773678570013146e-10
280,1.0152424820921625e-09,5.019212164356009e-10,7.783187583556037e-10,4.007255571132744e-10,2.026466600195301e-10,5.978082030887317e-10,4.1371556943539387e-10,1.9872866545387958e-10
281,9.97015653705726e-10,5.138886730765884e-10,7.69996560778345e-10,4.015085769937347e-10,1.946744834115168e-10,5.976654204899778e-10,4.156848573426576e-10,1.9627626046505966e-10
282,9.899927129061468e-10,5.23038952358205e-10,7.508934527188967e-10,4.0192260849314926e-10,1.869907624970491e-10,6.03048686936379e-10,4.1404588757368144e-10,1.9150161073161636e-10
283,9.79082783547339e-10,5.249979774626996e-10,7.344956151828556e-10,3.974639804239342e-10,1.8125343937873066e-10,6.034285368922286e-10,4.1321134335624887e-10,1.8327082112879528e-10
284,9.624526984864652e-10,5.253992521572624e-10,7.362119879092567e-10,3.9557458300494264e-10,1.782590449130352e-10,6.037417432532132e-10,4.1668324355379023e-10,1.7639022112044615e-10
285,9.483125782726872e-10,5.217581816043148e-10,7.439296524817176e-10,3.8847252971563356e-10,1.8140866607820612e-10,6.042979760822362e-10,4.064732941966021e-10,1.7142396750052377e-10
286,9.332097972349888e-10,5.186124432611714e-10,7.38578752433091e-10,3.7093807525713046e-10,1.8017533750529233e-10,5.995402879746238e-10,3.925697869654667e-10,1.666890234775233e-10
287,9.123137636593002e-10,5.173939360401113e-10,7.260505389328593e-10,3.638966777944974e-10,1.7185247294841906e-10,5.954212864935776e-10,3.8686413217354914e-10,1.603661734329359e-10
288,8.91085473284699e-10,5.217546925157407e-10,7.123808476789384e-10,3.630809326175966e-10,1.6910700460214341e-10,5.881995667756708e-10,3.8454861794086527e-10,1.546394864590779e-10
289,8.696408730433729e-10,5.320125206372551e-10,7.040835970003487e-10,3.6262850950026824e-10,1.749485164939453e-10,5.832649881298823e-10,3.765746624397503e-10,1.519992793926203e-10
290,8.450050402023584e-10,5.305710597571029e-10,7.117431225344912e-10,3.5651569299860655e-10,1.916582286058189e-10,5.880427975850294e-10,3.7770030465043767e-10,1.4637865452138125e-10
291,8.325129004843873e-10,5.201694373545956e-10,7.120085888989615e-10,3.363193441898861e-10,2.0474633097326397e-10,5.851520379050292e-10,3.817603888192621e-10,1.414705171370523e-10
292,8.225019432369709e-10,5.222382610910711e-10,6.97280174633751e-10,3.241209862270324e-10,2.040438573248182e-10,5.850106519730294e-10,3.8659746907632705e-10,1.3748084892989768e-10
293,8.079069098346295e-10,5.297168118451792e-10,6.862915800379757e-10,3.1758502431753774e-10,2.0216169047742635e-10,5.906482711600213e-10,4.031381331787341e-10,1.3427100589318882e-10
294,7.854069519621655e-10,5.243809042309634e-10,6.782280892620346e-10,3.188603885293685e-10,1.985110113832735e-10,5.8424674796266e-10,4.1150034242546053e-10,1.328007430484122e-10
295,7.537419771501177e-10,5.218986497402972e-10,6.67461242173054e-10,3.157933776312416e-10,1.9503469019889618e-10,5.788368016526756e-10,4.0754840623691965e-10,1.2990291826363604e-10
296,7.262047804567565e-10,5.238523348344524e-10,6.701912036773528e-10,3.013495652157806e-10,2.095121735907001e-10,5.813469957335699e-10,4.0261728868938834e-10,1.22454738428718e-10
297,6.996209515812235e-10,5.225378685312058e-10,6.719825522221188e-10,2.9355650934641413e-10,2.3433195218198247e-10,5.870892419190374e-10,3.949894350709913e-10,1.1804412737132383e-10
298,6.750175984699401e-10,5.095054437397984e-10,6.656712141182189e-10,3.0428847418104463e-10,2.5822575907965577e-10,5.874861147709055e-10,3.9001183681828556e-10,1.1708579230864658e-10
299,6.589213117991148e-10,4.972756016339778e-10,6.662184419763146e-10,3.192400280745096e-10,2.774028741370833e-10,5.864052641127277e-10,3.935491745174481e-10,1.1565119337664522e-10
300,6.520579454762622e-10,5.130204851018103e-10,6.576838400392056e-10,3.14180996102469e-10,2.9830489560706876e-10,5.687167819433893e-10,4.0408031629172015e-10,1.1053764910566142e-10
301,6.446948175223415e-10,5.244794182417102e-10,6.276180785666495e-10,2.966238093772299e-10,3.2506150713788226e-10,5.428991823118264e-10,4.1265644477249626e-10,1.0945428310059533e-10
302,6.313732673259339e-10,5.242583750274862e-10,6.133506020554834e-10,3.0025505676736283e-10,3.517480168902465e-10,5.409206576046724e-10,4.2230501208475003e-10,1.0702479326700183e-10
303,6.104134106652858e-10,5.206111808420758e-10,6.067182887036931e-10,3.089322821426075e-10,3.7145614549538965e-10,5.368106534218291e-10,4.286029048805539e-10,9.510917835044159e-11
304,5.91748698315331e-10,5.122508134374885e-10,5.989604451736868e-10,3.1835994438068583e-10,3.7034776179930624e-10,5.307022219779418e-10,4.192953097266446e-10,9.761898269290123e-11
305,5.696739069391849e-10,5.142862819369952e-10,6.104904070531489e-10,3.274331424275452e-10,3.611742846992118e-10,5.348900834100848e-10,4.2891705955750354e-10,1.0156968121893839e-10
306,5.590305003048883e-10,5.029480171419439e-10,6.083983876226112e-10,3.308524641128181e-10,3.4020558847611127e-10,5.446082554747372e-10,4.2219605466364815e-10,1.0067485528576856e-10
307,5.521332851183081e-10,4.820363602693129e-10,5.972207990148521e-10,3.340200237294736e-10,3.24196050082821e-10,5.495628444968617e-10,3.922436393625597e-10,1.0576609194054136e-10
308,5.320039344383135e-10,4.736284560658179e-10,5.718122889836021e-10,3.254209493875417e-10,3.2391176332364397e-10,5.541211429708614e-10,3.7801385587145176e-10,9.764824235850295e-11
309,5.048475296169755e-10,4.661148272720249e-10,5.528793787250025e-10,3.1592718600476263e-10,3.2203788229158816e-10,5.55256290049273e-10,3.65943732193862e-10,8.920959668866572e-11
310,4.690246700068895e-10,4.5615113707178196e-10,5.451852780587216e-10,2.9960162294621707e-10,3.249027094549462e-10,5.554606477811894e-10,3.622025277546915e-10,9.985033426416827e-11
311,4.468520465675628e-10,4.492597385353382e-10,5.390916103188835e-10,2.882777639315191e-10,3.134176005655717e-10,5.636859810099862e-10,3.5969298894492855e-10,1.0487440635860327e-10
312,4.306903917613161e-10,4.4488386505503674e-10,5.606282625251403e-10,2.8955042783949875e-10,3.035107249988645e-10,5.635549630893366e-10,3.5312318653005535e-10,1.0265626443683172e-10
313,4.034943597298298e-10,4.5576089620845844e-10,5.669203539906864e-10,2.8597860063385583e-10,3.221913700333984e-10,5.552684537540913e-10,3.5160820851364653e-10,9.944095030536127e-11
314,3.7536107827776254e-10,4.60703779869168e-10,5.578218164829746e-10,2.894294099699887e-10,3.2964900316748864e-10,5.484830450694478e-10,3.54429793121585e-10,9.182791904684642e-11
315,3.460898669078826e-10,4.573671272012157e-10,5.670774597379117e-10,2.9884541680770795e-10,3.2115578616344256e-10,5.329853351762964e-10,3.648205639210475e-10,8.613182503775179e-11
316,3.1698765104810275e-10,4.764868634172656e-10,5.756145088094037e-10,3.135086516464284e-10,3.2144513793285887e-10,5.121767252171271e-10,3.871908080741105e-10,7.997371309903791e-11
317,2.8708437476911275e-10,4.956580345170089e-10,5.609896295928142e-10,3.32071312624572e-10,3.208653552489747e-10,4.971590213407111e-10,4.036762186291995e-10,7.73561087962793e-11
318,2.4576014757098934e-10,5.006186083604292e-10,5.426930945946405e-10,3.2654217099904836e-10,3.186147610192432e-10,4.793076108255648e-10,4.0414834411418336e-10,8.355412880966424e-11
319,2.147018863412158e-10,5.032745926183604e-10,5.377510181791547e-10,3.0863539722121677e-10,3.15105486888168e-10,4.689651600624586e-10,3.9598100375874016e-10,8.591244847550304e-11
320,2.0467946995946433e-10,5.163601477117256e-10,5.313676848033369e-10,3.0497635097146055e-10,3.0241325344058444e-10,4.610937434568567e-10,3.9072818792141615e-10,8.312651181666316e-11
321,2.0847604049752182e-10,5.200783231560641e-10,5.042853225582182e-10,3.034283392221423e-10,2.8000893620253983e-10,4.3823180678329777e-10,3.8111951387435927e-10,8.60235817433923e-11
322,2.1884508031027995e-10,5.186279558589203e-10,4.614515862737913e-10,2.8764004273785127e-10,2.722948147331907e-10,4.147982245915279e-10,3.8785510068141116e-10,9.246278746724602e-11
323,2.2137682075392644e-10,5.312697095532684e-10,4.386156701606259e-10,2.721061176561571e-10,2.820726768445795e-10,4.069646070739814e-10,4.097902090495278e-10,9.47498576300259e-11
324,2.2313114049171125e-10,5.320092421461235e-10,4.240836648535262e-10,2.623289672015201e-10,2.9113448389435656e-10,4.1365822513825636e-10,4.132258188460218e-10,9.368106441001478e-11
325,2.1951152317173002e-10,5.226161185060306e-10,3.9977818329934754e-10,2.489118867763172e-10,2.905199697495508e-10,4.301821587621347e-10,4.064757620472173e-10,1.0066774733346194e-10
326,2.028609311953081e-10,5.136259423073577e-10,3.8276766837613617e-10,2.4078010340376664e-10,2.996531517539054e-10,4.420634920765376e-10,3.983956171816326e-10,1.1092182874646574e-10
327,1.710194478335801e-10,4.950239064283532e-10,3.672725082138694e-10,2.4028360873747064e-10,3.304593655151234e-10,4.477846740563125e-10,3.8692930066801205e-10,1.0990410389024555e-10
328,1.5162158104873646e-10,4.80914315461321e-10,3.554023807610608e-10,2.498545317844196e-10,3.3728885281502226e-10,4.5278172201284333e-10,3.7868193405313573e-10,1.0303424273488338e-10
329,1.4772454502781102e-10,4.784440106688163e-10,3.5419827508487865e-10,2.658556722344499e-10,3.3663614846925477e-10,4.709573495160215e-10,3.7048227272371734e-10,1.016484464435351e-10
330,1.3935674469681339e-10,4.778296166362422e-10,3.460790196883049e-10,2.716667280619646e-10,3.3714945311451564e-10,4.707085494846168e-10,3.5548273396777644e-10,1.1170963583703315e-10
331,1.3954807652427527e-10,4.778594561776281e-10,3.2522739830621527e-10,2.667624777329554e-10,3.401009655894716e-10,4.5558574925413834e-10,3.4218448495520075e-10,1.1893790632668632e-10
332,1.3466512270211613e-10,4.652901144541102e-10,3.2337843522150246e-10,2.58480728801074e-10,3.642362087987687e-10,4.539078037560838e-10,3.355764374684947e-10,1.1627925810909804e-10
333,1.1430143147543934e-10,4.4771604404180684e-10,3.4123334475945415e-10,2.45094997047261e-10,3.7604434751828054e-10,4.4366328499753324e-10,3.491469371127618e-10,1.1848617098174678e-10
334,9.82826051042947e-11,4.402631396893795e-10,3.443209898393175e-10,2.3452055949737367e-10,3.753430533340384e-10,4.44090302860228e-10,3.579697555422006e-10,1.2261860546461634e-10
335,9.5865103804709e-11,4.2745380808280604e-10,3.3102089407096814e-10,2.3061912232063681e-10,3.677949758110525e-10,4.5133856468925325e-10,3.618780597269091e-10,1.2451716213712615e-10
336,9.67622885969175e-11,4.158021521459206e-10,3.1498313370209514e-10,2.3002958502974882e-10,3.5476312118964714e-10,4.569315911619371e-10,3.625889076715992e-10,1.2624598281431666e-10
337,9.948475318852057e-11,4.1364702810700205e-10,3.158038294232855e-10,2.43375466894763e-10,3.629269464600516e-10,4.6110686898908974e-10,3.6159070056113447e-10,1.2851083443296552e-10
338,9.499484483066031e-11,4.0490236403403296e-10,3.187329645410046e-10,2.4447425021507047e-10,3.8290020378619985e-10,4.671422430998835e-10,3.6690002663149217e-10,1.316380363897187e-10
339,9.137749126138846e-11,3.9081701835747564e-10,3.156675768356379e-10,2.3476619133121153e-10,3.980939777861985e-10,4.843310836598215e-10,3.6476048177789476e-10,1.2982633627399622e-10
340,9.802882966338141e-11,3.797138149919452e-10,3.054347678660041e-10,2.1429189604679423e-10,4.0551341867862407e-10,5.006283691593186e-10,3.6706760193543623e-10,1.2198433115838503e-10
341,1.1073313184463629e-10,3.7540422846299626e-10,2.819581015700988e-10,2.0774078326689935e-10,3.7997502190443887e-10,5.065026535789124e-10,3.613614609755695e-10,1.1990119069599762e-10
342,1.0687487917915646e-10,3.7794953657023827e-10,2.754499850151675e-10,2.3944049941329197e-10,3.6295701010774035e-10,5.080562164587792e-10,3.581825855808737e-10,1.246753577517336e-10
343,8.586683025447625e-11,3.707674801308562e-10,2.910266244280434e-10,2.6487438847713537e-10,3.786747937631779e-10,4.974882424590807e-10,3.561307039190149e-10,1.3369562284305424e-10
344,7.806074207909531e-11,3.5489051950712856e-10,2.9956473124808793e-10,2.664549670950545e-10,3.828242135036569e-10,4.892675907420152e-10,3.410303290383383e-10,1.38524175633188e-10
345,7.272787261287157e-11,3.5986078897265744e-10,3.037235391238377e-10,2.5067472018074383e-10,3.755604279350859e-10,4.935579993826918e-10,3.391414542277446e-10,1.3960292451314214e-10
346,7.233407950153782e-11,3.7820468067281523e-10,3.0884136701195685e-10,2.467120388394616e-10,3.8097786792886303e-10,4.846076636283231e-10,3.4603552967875714e-10,1.436999315287438e-10
347,8.015515414457123e-11,3.8865703165352426e-10,2.8970109767624693e-10,2.558822376694983e-10,3.836234770965828e-10,4.747756082121755e-10,3.4897536400101966e-10,1.4682233917418757e-10
348,8.67004927370436e-11,3.8333849082438736e-10,2.748473240273165e-10,2.5269324608406984e-10,3.7522916892858793e-10,4.6218945728922006e-10,3.573421506204419e-10,1.5030310644807837e-10
349,9.922192002052604e-11,3.8409274620673935e-10,2.7280150473489995e-10,2.480222049657133e-10,3.6081208930760534e-10,4.5281056598999617e-10,3.671835512003283e-10,1.4959265690771696e-10
350,1.005407862454871e-10,3.908037763497711e-10,2.5657639099378007e-10,2.344442374322e-10,3.3508078897802833e-10,4.6542674380235646e-10,3.630982600524987e-10,1.5000471896610988e-10
351,8.642715218400784e-11,3.676393071802246e-10,2.481496200665119e-10,2.2239596774563074e-10,3.009741614602161e-10,4.606756575354307e-10,3.3732545856030337e-10,1.6149895764338157e-10
352,7.056128833292719e-11,3.517439831311397e-10,2.5761765722415346e-10,2.1928687250023127e-10,2.6943087520010434e-10,4.297009747915602e-10,3.188534762932568e-10,1.665792529442358e-10
353,5.313756580913793e-11,3.557237901591986e-10,2.6150840433169316e-10,1.9364632353719384e-10,2.420766248082233e-10,4.1157179542919123e-10,3.1134918833844424e-10,1.654071062255927e-10
354,3.766561216102311e-11,3.5457490069532607e-10,2.610472806233871e-10,1.604514212382971e-10,2.1615465171419596e-10,4.113347056878343e-10,3.043995456366361e-10,1.6177935205953513e-10
355,2.7048327636208394e-11,3.543472150104129e-10,2.538200591616317e-10,1.424731050578003e-10,2.167093211737322e-10,4.209124498698261e-10,3.1286093183121916e-10,1.4884493152450802e-10
356,4.060299285154536e-11,3.4489250121806394e-10,2.394278390332041e-10,1.4564504861161912e-10,2.3666478587961275e-10,4.135335364165004e-10,3.113431528772614e-10,1.4639025917204429e-10
357,5.777856071380195e-11,3.476230498879537e-10,2.385770005425284e-10,1.626176786500529e-10,2.54986580720964e-10,4.011223569915966e-10,2.962982611535229e-10,1.3891930553025056e-10
358,6.205060781462788e-11,3.6834366203177154e-10,2.426099363124605e-10,1.7675084271617713e-10,2.665099467071149e-10,4.011052741385799e-10,2.93200581366978e-10,1.2588430719755115e-10
359,6.921423977133597e-11,3.6782716642089156e-10,2.598479324256395e-10,1.7855823030656733e-10,2.7693369921582077e-10,3.8666322915065705e-10,2.973974423169831e-10,1.3045337440926513e-10
360,8.241093413788385e-11,3.565865962494818e-10,2.7435402411743037e-10,1.862455553006275e-10,2.7886619444199006e-10,3.6592011365068014e-10,2.9430707076023814e-10,1.3163330562751928e-10
361,9.125700975161328e-11,3.598296923950315e-10,2.821136830825281e-10,2.0320132837483692e-10,2.7971231787667747e-10,3.556646279317194e-10,2.9814561541181834e-10,1.1667428997150317e-10
362,7.580391460692301e-11,3.650224564548524e-10,2.9322826995679514e-10,2.0900332942039878e-10,2.906974880160779e-10,3.454891699621206e-10,2.9732853632218595e-10,1.1156300498301775e-10
363,5.812250609007588e-11,3.5934753764794807e-10,2.8841217862714667e-10,2.1016141948316405e-10,2.9427050536648106e-10,3.5261633949603814e-10,2.9294482858829855e-10,1.1814011687837441e-10
364,4.63709347479315e-11,3.418438772628787e-10,2.983652119250218e-10,2.1464261172799187e-10,2.8085933421673636e-10,3.682110401192892e-10,2.7860773165252235e-10,1.3109697492395624e-10
365,4.713851015741004e-11,3.2551938820120017e-10,3.1000212046996163e-10,2.1473172733486439e-10,2.696119653463677e-10,3.7288596128434564e-10,2.518455932064429e-10,1.393026934141193e-10
366,5.3160454319117463e-11,3.19757082726594e-10,3.052645403818268e-10,2.084962053043809e-10,2.8342971578518883e-10,3.8495527548414217e-10,2.3762005738785137e-10,1.37021745633781e-10
367,5.611966119485555e-11,3.15860858551461e-10,3.1321362280328733e-10,2.1292987502355453e-10,3.042732013182384e-10,3.7921335211248534e-10,2.2247311052269704e-10,1.3930843405251924e-10
368,7.15309847163258e-11,3.0165282574157084e-10,3.270106115508721e-10,2.01610023508958e-10,3.1835809309267895e-10,3.701484795573088e-10,2.0978255615109036e-10,1.4050984157738726e-10
369,1.0166513821154804e-10,2.797411782199853e-10,3.459488025133815e-10,1.7330081624997436e-10,3.221610963234149e-10,3.8333093175711987e-10,2.0366732767729093e-10,1.3514158939841037e-10
370,1.3069350085882657e-10,2.746103078030558e-10,3.6303623084043425e-10,1.6977037591550248e-10,3.2734219413585314e-10,3.7712720612215775e-10,2.1246712501666925e-10,1.2924344815448023e-10
371,1.3374804733672806e-10,2.763346074077621e-10,3.656427556175232e-10,1.758159878323081e-10,3.3738466392436677e-10,3.46898151154125e-10,2.1439536844988308e-10,1.3114076055498964e-10
372,1.192013889880937e-10,2.7578644297158457e-10,3.759245862607678e-10,1.7611104473109056e-10,3.5118311142724697e-10,3.4099663800263963e-10,2.1871920310798926e-10,1.2751839182381156e-10
373,9.659035198692785e-11,2.7251333301525445e-10,3.965920986842781e-10,1.8385411525102395e-10,3.6006577723800976e-10,3.431752001535837e-10,2.2142804050810209e-10,1.230564295531885e-10
374,7.869925401163079e-11,2.5644861276547374e-10,4.111896261422146e-10,1.8579130421232725e-10,3.582791990881717e-10,3.3922719286693963e-10,2.0211218167664173e-10,1.253152228812949e-10
375,7.407618384722234e-11,2.436980437194675e-10,4.191060074228508e-10,1.71452410948839e-10,3.6447754145392897e-10,3.4075036704063845e-10,1.9136142569672706e-10,1.2329268872885308e-10
376,8.261106342521028e-11,2.3513434756744906e-10,4.226472722293002e-10,1.7669976478098238e-10,3.689374383643975e-10,3.314559894647797e-10,1.9031248600105467e-10,1.1191727042698227e-10
377,9.74127830666977e-11,2.3451663047323723e-10,4.2100935328786367e-10,1.9176767461195376e-10,3.6285148034698864e-10,3.2584740038129533e-10,1.9201091087109838e-10,1.0388035955084471e-10
378,1.1736119751335962e-10,2.381864075678825e-10,4.293975496893005e-10,1.9158535155035727e-10,3.4818509764840783e-10,3.260834299768546e-10,1.963089646819386e-10,9.88669139793004e-11
379,1.3652154918667602e-10,2.398292183316348e-10,4.3821069815090546e-10,1.8856107329621833e-10,3.36311217813039e-10,3.1239715841711653e-10,2.0791299171913602e-10,9.497962536172749e-11
380,1.5333446929897757e-10,2.421360699060403e-10,4.465924733860273e-10,1.75395314924958e-10,3.264690092953348e-10,2.7705898168234384e-10,2.131040956647738e-10,9.389398225572252e-11
381,1.5786746906568677e-10,2.3111292329238323e-10,4.64461975627648e-10,1.6397047506494952e-10,2.9856247989227625e-10,2.712766954029063e-10,2.0878086555923533e-10,9.122227766867951e-11
382,1.4420799950253024e-10,2.178252893848085e-10,4.929064584176423e-10,1.6299201600873218e-10,2.691436170508371e-10,2.8681038494408406e-10,2.0915559248189045e-10,8.859152968400458e-11
383,1.3637400235001e-10,2.0333996759174108e-10,4.977850511334991e-10,1.4646756411412914e-10,2.4348365588080815e-10,2.7105283194260627e-10,2.013943041154998e-10,8.666097841085402e-11
384,1.235514129346812e-10,1.9580043868418905e-10,4.962971070111969e-10,1.3498549285665107e-10,2.2922400606917348e-10,2.7011199522541267e-10,1.8049424501332216e-10,8.650832261615362e-11
385,1.1076053646315013e-10,2.003055641936011e-10,5.088752778915169e-10,1.2222108498552195e-10,2.3394794914331186e-10,2.7653135587245114e-10,1.6904311154378043e-10,8.174802510594907e-11
386,1.1795598067810336e-10,2.069613999486538e-10,5.010674863793111e-10,1.0282456151465005e-10,2.4333686289787397e-10,2.5512137458361793e-10,1.5618657645264837e-10,7.974030354466283e-11
387,1.2805631734289744e-10,2.267078701157767e-10,4.971607493485537e-10,9.996626548220085e-11,2.519204489422585e-10,2.358584450930716e-10,1.5676705609775897e-10,7.459093080289577e-11
388,1.1964324053363453e-10,2.355320777181509e-10,4.893370072049344e-10,9.983877797575074e-11,2.456917753889932e-10,2.3151487650263108e-10,1.7061777876834465e-10,6.623960017052854e-11
389,1.234092519592384e-10,2.2988272191807887e-10,4.879519088143287e-10,1.0375742987327357e-10,2.3925682430579677e-10,2.131968275217895e-10,1.6769827042468887e-10,6.973911422032307e-11
390,1.3572650307130766e-10,2.302792843398327e-10,5.013471562666848e-10,1.1644346148252194e-10,2.4111625939611527e-10,1.9179530064341512e-10,1.7234754907681368e-10,7.403269120513099e-11
391,1.3280263871338295e-10,2.3253652903354508e-10,5.134002629833505e-10,1.4069222767933126e-10,2.3303830142220144e-10,1.8072583399300233e-10,1.748438270000372e-10,7.187044849514271e-11
392,1.193717687163975e-10,2.2952133234565134e-10,5.20736973682042e-10,1.4063117725636104e-10,2.461581283171357e-10,1.6821183108150747e-10,1.720176559772441e-10,6.82265601377505e-11
393,1.1748697576420946e-10,2.2655609814865141e-10,5.126207883820171e-10,1.1966571838236693e-10,2.5765134040690054e-10,1.6848857219621506e-10,1.6279832894495843e-10,6.51852862909303e-11
394,1.2836274202900855e-10,2.1695870604111962e-10,5.066079884193296e-10,9.74465717821663e-11,2.367859992195061e-10,1.761687997882353e-10,1.5436666768975598e-10,6.32987314322454e-11
395,1.1845980844675453e-10,2.1795530749811705e-10,5.055481047131144e-10,7.954863357961983e-11,2.1950099653846015e-10,1.7011150544682348e-10,1.519011695702295e-10,5.410973691781539e-11
396,1.189571386247722e-10,2.1957013391916198e-10,4.942832329657775e-10,8.016162221627157e-11,2.158113388213522e-10,1.7635768506318967e-10,1.4137031027249111e-10,4.166201711004231e-11
397,1.3488216500164152e-10,1.9358172841072664e-10,4.833633314997654e-10,7.921471164171938e-11,2.1541501051777845e-10,1.9075180072471725e-10,1.2698649143275266e-10,3.5849205753763814e-11
398,1.4947521213705722e-10,1.681016548183923e-10,4.832474212489477e-10,7.586909797081818e-11,2.1334415863928736e-10,1.9586156382102806e-10,1.1641209566841489e-10,3.51969211193731e-11
399,1.6946536982382835e-10,1.5313345179633525e-10,4.85304711914743e-10,6.919997663596683e-11,2.0208720894984926e-10,2.0681532426306135e-10,1.0536967459598098e-10,2.826438949492789e-11
400,1.8097903077608254e-10,1.4384881625075496e-10,4.94556840955223e-10,5.563816416027414e-11,1.9011197397588644e-10,2.1638406744110436e-10,9.810217095596911e-11,2.7902607912239958e-11
401,1.7766364736330347e-10,1.3542069775394855e-10,5.110021007724821e-10,5.5058247868896944e-11,2.0110612453166083e-10,2.160946465337528e-10,9.112397323663161e-11,3.1705831373457794e-11
402,1.7639667111428958e-10,1.5053813426476992e-10,5.275126654099356e-10,5.914253457904727e-11,2.209422654450566e-10,2.3891999234212276e-10,9.238651557371402e-11,2.590758410209365e-11
403,1.72166252178887e-10,1.577581209705387e-10,5.384651938564268e-10,6.951006090104842e-11,2.2541722137806176e-10,2.7074889410179576e-10,9.580539867372494e-11,2.254308551911024e-11
404,1.6045151648962185e-10,1.3273047430518906e-10,5.420401496289629e-10,9.13872821698767e-11,2.1712552947489367e-10,2.6898549486997714e-10,9.34646013669961e-11,2.5200091214919293e-11
405,1.6203361916660052e-10,1.256544906313472e-10,5.423468075690925e-10,1.0349744811433982e-10,2.167061597120238e-10,2.5410733339355506e-10,1.0356723268355656e-10,3.45892550519033e-11
406,1.7922626981947736e-10,1.2450378107719375e-10,5.424822679377842e-10,1.0341636897421658e-10,2.2173668637083933e-10,2.3214388284548919e-10,1.0741363804350191e-10,4.1164915504990885e-11
407,1.8495515976549848e-10,1.2108356025157258e-10,5.348255678428698e-10,1.0844231447313134e-10,2.160752370952178e-10,2.2301144088910353e-10,1.0200781301625603e-10,3.7763508872377376e-11
408,1.7794134184551494e-10,1.2029946897441767e-10,5.232221751694649e-10,9.428914510822665e-11,2.054553078263354e-10,2.3297290144126504e-10,1.1445203587213848e-10,4.074376721566987e-11
409,1.8246876276458006e-10,1.0595995418150628e-10,5.1222961960692e-10,8.056417883902217e-11,1.884376646825636e-10,2.3630561276580005e-10,1.371544719742994e-10,4.9727180369440846e-11
410,1.840928774628255e-10,9.924395580768923e-11,4.938251927058046e-10,8.359567659412633e-11,1.558306872463597e-10,2.171943393618196e-10,1.4542966318439722e-10,5.740241806045907e-11
411,1.8578413648549558e-10,1.0200148757147593e-10,4.925331445129764e-10,6.921805974987481e-11,1.525951369341771e-10,2.1626788521043995e-10,1.686529351046054e-10,6.382819611908607e-11
412,1.8712269894460938e-10,8.547074883672379e-11,4.982686027197467e-10,5.917311943499615e-11,1.5685699433635787e-10,2.293344730590469e-10,1.841135598850886e-10,6.411129265237019e-11
413,1.8871079969347857e-10,7.383424540889838e-11,4.819600221381542e-10,5.115211004830015e-11,1.4031769191762628e-10,2.305355123550364e-10,1.8169711144591624e-10,5.660737035730141e-11
414,1.97376954387901e-10,8.266218590811534e-11,4.6224172173250447e-10,5.460486907096777e-11,1.4360429945967678e-10,2.28355697371743e-10,1.7410825460967421e-10,4.877476542935453e-11
415,2.0325539352455294e-10,8.38889656159254e-11,4.410571330147173e-10,5.831996756704439e-11,1.55421340317892e-10,2.2842192862557708e-10,1.7041613923797114e-10,4.8246543766852136e-11
416,1.9916353406646324e-10,8.569169605832572e-11,4.227645816535348e-10,4.96085932695264e-11,1.5783250464316742e-10,2.2980053964754762e-10,1.754496670542452e-10,5.434115233921777e-11
417,1.96753877489706e-10,9.219790469962735e-11,4.170465078703692e-10,4.704324123436112e-11,1.4690755738530325e-10,2.2220545651988517e-10,1.76054911239476e-10,5.922672539960324e-11
418,1.9359555789553212e-10,9.356845230223589e-11,3.937719290435939e-10,3.2502967978219855e-11,1.352810516290607e-10,2.3036163206999665e-10,1.765564267144369e-10,6.035837918447521e-11
419,1.8378755826496972e-10,9.255431218189585e-11,3.6468882844222206e-10,2.6307579298764172e-11,1.3210644980823575e-10,2.4201381193546733e-10,1.7214609295972926e-10,5.951840962987451e-11
420,1.6929622765997505e-10,9.376468385104982e-11,3.450443054498239e-10,4.330573201019344e-11,1.3024812951425944e-10,2.3995808727930085e-10,1.7254127178915708e-10,6.048717451934312e-11
421,1.5118039099439612e-10,9.189893876150393e-11,3.2727728361095244e-10,5.697449660794464e-11,1.2265214825585098e-10,2.461569114043452e-10,1.7331339999877584e-10,6.522032238792487e-11
422,1.4203927650758768e-10,8.262217706802903e-11,3.127920239657097e-10,5.628595406071548e-11,1.1895507442188875e-10,2.6542937526785555e-10,1.7845490937618688e-10,6.238018841107705e-11
423,1.4710481034609634e-10,7.062639412903868e-11,3.0329298531548803e-10,5.001925756212709e-11,1.2314080892650707e-10,2.740410065250153e-10,1.7499587176971316e-10,5.90762457725006e-11
424,1.5548306805472927e-10,6.263387234644046e-11,2.9564022565424423e-10,4.7177476815723924e-11,1.2196955623107546e-10,2.7192501219455645e-10,1.6695484204312852e-10,5.6838299711452657e-11
425,1.5188625612022588e-10,6.540958140369258e-11,2.9184839288367005e-10,5.286342259208015e-11,1.0898049347380383e-10,2.6847168512286865e-10,1.7291902030224392e-10,5.466014135346084e-11
426,1.4684128817557565e-10,7.252743099759711e-11,2.906121201836148e-10,6.650672542693485e-11,8.841294532407167e-11,2.66399320737169e-10,1.7425628496180677e-10,5.6353802416014813e-11
427,1.3871854250737396e-10,7.674099792676075e-11,2.868381250424871e-10,6.530356345758995e-11,7.63494038364223e-11,2.654554787486025e-10,1.7254451351791967e-10,6.592651188886586e-11
428,1.2897603750182578e-10,7.172941737039969e-11,2.9043192081093625e-10,6.055473437782316e-11,6.935164448725175e-11,2.6363149852863885e-10,1.7273051248033524e-10,7.381094609949359e-11
429,1.2299195958712066e-10,6.774732108013904e-11,2.9073930557413353e-10,6.265165780330334e-11,6.771810167550788e-11,2.6000471182015234e-10,1.734547183208803e-10,8.087771398884859e-11
430,1.1460584088455718e-10,6.853885103710304e-11,2.924771469456192e-10,5.932356551144008e-11,7.272953178811914e-11,2.561204646397455e-10,1.6389578949563084e-10,9.004641176134093e-11
431,1.0008019391470265e-10,6.860326524592089e-11,2.8811006424039454e-10,6.254907135590333e-11,7.571133798949556e-11,2.604367373729904e-10,1.6646655976178806e-10,9.174677627740168e-11
432,8.91732624799843e-11,7.303752750623618e-11,2.671109659653321e-10,6.890942140866739e-11,9.646673964578244e-11,2.623859001518278e-10,1.846459769779858e-10,8.933401190599686e-11
433,9.470114318978807e-11,7.059294107369712e-11,2.434392835361695e-10,7.475928479288649e-11,1.1728236315744551e-10,2.6010744368467373e-10,1.966000338575574e-10,9.107801463279763e-11
434,1.0357933691995685e-10,7.760463208512615e-11,2.3360817211536754e-10,8.917058005109599e-11,1.2475251151267622e-10,2.6884901185262447e-10,2.0601673147119977e-10,9.540720651350647e-11
435,1.2118617742968787e-10,8.592912551358148e-11,2.2147557455755025e-10,1.0411604777308297e-10,1.3324323170193072e-10,2.653890180873441e-10,2.1167347130359154e-10,9.535843041077812e-11
436,1.3841061818553196e-10,7.936916076970867e-11,2.0741902713030709e-10,1.2261178687782892e-10,1.3345475275868405e-10,2.4868775776494123e-10,2.1182700815649659e-10,1.0160047973709226e-10
437,1.2751180037932095e-10,7.793514510143465e-11,2.1148394516060583e-10,1.3818940713042236e-10,1.33136555489589e-10,2.532300852186715e-10,2.13890303407906e-10,1.0593984169283965e-10
438,1.0750061130335806e-10,6.646880397448715e-11,2.0752921343036582e-10,1.3920722373537567e-10,1.3275886749929016e-10,2.5705497830249056e-10,2.2030687592193754e-10,1.1160929724295382e-10
439,1.0533200968311857e-10,5.5564233254957745e-11,2.0437300153248054e-10,1.341799737218257e-10,1.2997098284733658e-10,2.5301263293887053e-10,2.189963935937361e-10,1.197126120962611e-10
440,1.0425941428486656e-10,6.404444623556689e-11,2.0039424868645686e-10,1.2652980686629272e-10,1.2268086527805496e-10,2.605455874176088e-10,2.193458349634877e-10,1.1661940995499126e-10
441,9.386301028971597e-11,6.583307039180857e-11,1.887210228755673e-10,1.1453606676730493e-10,1.0599625569006225e-10,2.628821787961563e-10,2.1610670682846084e-10,1.1718289650116376e-10
442,8.851798520338945e-11,5.6140131930014134e-11,1.8000876651525988e-10,1.0154196385840858e-10,9.829469265112662e-11,2.531056837133808e-10,2.164901084910463e-10,1.2723788211318764e-10
443,9.090736677949474e-11,5.752062623273237e-11,1.7226951198422356e-10,1.0471357534283542e-10,9.179457240442224e-11,2.450789908984066e-10,2.2082050989999993e-10,1.3597876776399528e-10
444,8.55399972951074e-11,6.150576885918333e-11,1.706852343630536e-10,1.0455624817048765e-10,8.193686335936718e-11,2.369837281715007e-10,2.2587261697686344e-10,1.362911693505587e-10
445,8.206538962329023e-11,6.863648703464153e-11,1.6011341846481489e-10,1.0363701624834908e-10,8.556729615117395e-11,2.310368398086674e-10,2.2812865378140336e-10,1.3009264232937334e-10
446,9.094122469236004e-11,6.818196985813601e-11,1.4767046662628857e-10,1.1684270360784922e-10,9.888084602282426e-11,2.302694731232128e-10,2.253326406162631e-10,1.3478008392177412e-10
447,9.499658609687274e-11,5.941522408025531e-11,1.4713628476013023e-10,1.2094606600408162e-10,1.1218949276758518e-10,2.1700389139949722e-10,2.2578910152672216e-10,1.448069663294103e-10
448,8.791686145484242e-11,6.149135879243039e-11,1.4820606692075967e-10,1.1906920386533972e-10,1.0877693169553778e-10,2.0821377073212726e-10,2.3422607380287534e-10,1.4651257004845507e-10
449,6.930608563565163e-11,6.641163311850942e-11,1.4887602056661837e-10,1.1812450661140277e-10,9.068545670783643e-11,2.011076632639183e-10,2.4393522589485186e-10,1.487767961451625e-10
450,4.5411934580164125e-11,8.064747455401507e-11,1.4371100486793996e-10,1.2616873580605635e-10,8.228283069598376e-11,1.8736331586859012e-10,2.513881750633621e-10,1.5384307180305083e-10
451,2.6626497134995243e-11,8.870157175303706e-11,1.2882147422614207e-10,1.363735964833457e-10,8.159524803070176e-11,1.8248994972905409e-10,2.533153037928314e-10,1.5237428439257778e-10
452,2.8898476688166485e-11,8.622404182339377e-11,1.1411871802017456e-10,1.3684034923548297e-10,7.118849340153084e-11,1.761995618848779e-10,2.506043907657992e-10,1.5146555528081062e-10
453,3.712249399606284e-11,8.020917346252836e-11,1.0209820812467704e-10,1.3681815192104863e-10,5.8186833029045764e-11,1.5983954297099694e-10,2.5370751424758477e-10,1.5559315280116324e-10
454,4.2775599272153827e-11,8.37169057817076e-11,8.710110197545796e-11,1.307756254785769e-10,5.61671849842253e-11,1.5411114115860765e-10,2.5241476950776835e-10,1.5759992140238698e-10
455,5.478188285025694e-11,1.0431733051419869e-10,6.861564037975198e-11,1.2255870781949688e-10,6.525649459901036e-11,1.5968683077712343e-10,2.513371242411889e-10,1.5728988225708567e-10
456,4.887626503615912e-11,1.0959775974554529e-10,3.8871074602366425e-11,1.1673453786432195e-10,6.239737271686854e-11,1.7803357378260868e-10,2.467448658255373e-10,1.5070733126192913e-10
457,3.762891317898523e-11,1.0411094907867482e-10,1.9527631608084216e-11,1.1309336633055811e-10,5.341380629202626e-11,1.9618809513227873e-10,2.4255790799848315e-10,1.45254232559511e-10
458,3.763147638007102e-11,1.0413189878880945e-10,1.952836200850668e-11,1.1311749045547246e-10,5.3418828974187154e-11,1.9625021317454228e-10,2.4265110317944593e-10,1.453208871313815e-10
459,3.763403977392015e-11,1.0415285329024673e-10,1.9529092440041004e-11,1.1314162032741557e-10,5.342385218310209e-11,1.963123528075786e-10,2.427443380677362e-10,1.4538758340986878e-10
460,3.763660336134825e-11,1.0417381258407158e-10,1.9529822902614496e-11,1.1316575594788619e-10,5.342887591891539e-11,1.9637451403936097e-10,2.42837612679847e-10,1.4545432141593917e-10
461,3.7639167142627234e-11,1.0419477667151354e-10,1.953055339622715e-11,1.1318989731879168e-10,5.3433900180905446e-11,1.9643669687686612e-10,2.429309270322713e-10,1.4552110117140287e-10
462,3.7641731117349253e-11,1.042157455533682e-10,1.9531283920588203e-11,1.13214044441222e-10,5.3438924969505235e-11,1.9649890132735538e-10,2.4302428114087986e-10,1.4558792269781053e-10
463,3.7644295285786207e-11,1.0423671923079282e-10,1.9532014475988423e-11,1.1323819731599461e-10,5.344395028457043e-11,1.965611273985174e-10,2.4311767502278807e-10,1.4565478601638815e-10
464,3.764685964780214e-11,1.0425769770487228e-10,1.9532745062500504e-11,1.1326235594460822e-10,5.3448976126389666e-11,1.9662337509818306e-10,2.4321110869433336e-10,1.4572169114907577e-10
465,3.7649424203261106e-11,1.0427868097640219e-10,1.9533475680487894e-11,1.1328652032910645e-10,5.345400249510726e-11,1.9668564443304434e-10,2.433045821713865e-10,1.457886381174889e-10
466,3.765198895284283e-11,1.0429966904653978e-10,1.9534206329151e-11,1.1331069047030675e-10,5.345902939043456e-11,1.967479354102202e-10,2.433980954709072e-10,1.4585562694278866e-10
467,3.7654553895731653e-11,1.0432066191636994e-10,1.9534937008562498e-11,1.133348663695716e-10,5.3464056813093175e-11,1.9681024803825351e-10,2.43491648609233e-10,1.4592265764659057e-10
468,3.765711903247135e-11,1.0434165958719459e-10,1.9535667719376623e-11,1.1335904802826341e-10,5.346908476221719e-11,1.9687258232397857e-10,2.435852416033237e-10,1.4598973025089956e-10
469,3.76596843630619e-11,1.0436266205944765e-10,1.953639846093915e-11,1.1338323544719964e-10,5.347411323838388e-11,1.9693493827394488e-10,2.436788744688944e-10,1.4605684477681183e-10
470,3.7662249887231445e-11,1.0438366933435872e-10,1.9537129233904296e-11,1.1340742862842395e-10,5.3479142241737564e-11,1.9699731589698008e-10,2.437725472222825e-10,1.4612400124607275e-10
471,3.766481560538779e-11,1.0440468141322965e-10,1.953786003747246e-11,1.1343162757316254e-10,5.3484171771845276e-11,1.9705971519991845e-10,2.4386625988060345e-10,1.4619119968081707e-10
472,3.766738151698718e-11,1.0442569829692839e-10,1.953859087237056e-11,1.1345583228209661e-10,5.348920182971724e-11,1.9712213618987898e-10,2.4396001246019473e-10,1.462584401020761e-10
473,3.76699476223015e-11,1.0444671998653982e-10,1.9539321738525896e-11,1.1348004275713358e-10,5.349423241448756e-11,1.9718457887426552e-10,2.440538049775494e-10,1.4632572253159517e-10
474,3.767251392160262e-11,1.0446774648307655e-10,1.9540052635211562e-11,1.1350425899977216e-10,5.349926352615624e-11,1.9724704326119375e-10,2.4414763744884927e-10,1.4639304699118448e-10
475,3.767508041475461e-11,1.0448877778740648e-10,1.9540783563299846e-11,1.1352848101055727e-10,5.350429516544485e-11,1.9730952935778278e-10,2.44241509890743e-10,1.4646041350226482e-10
476,3.767764710148558e-11,1.0450981390075919e-10,1.95415145224273e-11,1.1355270879139635e-10,5.350932733235339e-11,1.9737203717058203e-10,2.443354223203461e-10,1.4652782208690606e-10
477,3.7680213982339293e-11,1.0453085482443655e-10,1.9542245512375842e-11,1.1357694234351559e-10,5.351436002630461e-11,1.974345667081344e-10,2.444293747536847e-10,1.4659527276685353e-10
478,3.768278105717982e-11,1.0455190055894484e-10,1.9542976533436243e-11,1.1360118166827744e-10,5.351939324758713e-11,1.9749711797755895e-10,2.445233672070963e-10,1.4666276556339817e-10
479,3.7685348325327444e-11,1.0457295110544132e-10,1.9543707585826576e-11,1.1362542676663556e-10,5.352442699648959e-11,1.975596909858323e-10,2.4461739969738515e-10,1.467303004983502e-10
480,3.768791578773376e-11,1.0459400646501085e-10,1.954443866896531e-11,1.1364967764008869e-10,5.352946127272335e-11,1.976222857410702e-10,2.447114722413556e-10,1.4679787759364967e-10
481,3.768919956753556e-11,1.0460453534820856e-10,1.954480421823995e-11,1.1366180452099772e-10,5.3531978542817366e-11,1.9765358855656932e-10,2.4475851852874494e-10,1.4683167668417746e-10
